response_id,company,employee_id,title,role_level,team_segment,location,tenure_band,tenure_months,response_date,B1,B2,B3,B4,B5,C1,C2,C3,C4,C5,D1,D2,D3,D4,D5,E1,E2,E3,E4,F1,F2,F3,F4,G1,G2,G3,G4,H1,H2,H3,H4,I1,I2,I3,I4,J1,J2,J3,J4,K1,K2,K3,K4,K5,L1,L2,L3
DT-2026Q2-0001,DemoTech,DT-10001,Enterprise AE,Individual Contributor,Enterprise,"San Francisco, CA (HQ)",2–5 years,40,2025-04-05,4,2,4,4,4,4,5,5,5,4,3,3,4,5,4,3,4,2,3,4,4,3,4,4,5,3,4,2,1,2,2,4,4,3,4,3,4,4,4,5,4,5,4,4,Deal desk gives different pricing guidance depending on who is on shift.,Publish a single source of truth for stage definitions and enforce it in Gong.,"MQLs from the last campaign were mostly students and consultants, not buyers."
DT-2026Q2-0002,DemoTech,DT-10002,Enterprise AE,Individual Contributor,Enterprise,"New York, NY",2–5 years,35,2025-04-06,3,4,5,3,4,5,4,4,5,3,3,4,5,3,4,3,2,3,3,3,4,5,2,4,3,4,2,5,3,4,3,2,4,4,3,3,3,5,3,4,2,4,3,3,We need ROI calculators for mid-market CFOs — I build them in Google Sheets weekly.,Run monthly live objection labs instead of async enablement modules.,Product marketing launches features before sales knows how to position them.
DT-2026Q2-0003,DemoTech,DT-10003,BDR,Individual Contributor,Mid-Market,"San Francisco, CA (HQ)",5+ years,117,2025-05-17,4,3,5,4,4,3,5,5,5,5,5,3,3,3,4,4,5,3,3,4,3,3,3,2,5,4,5,4,4,3,2,3,5,3,4,2,4,3,3,3,5,4,4,4,"My manager runs tight pipeline reviews with real coaching, not just inspection.",Build demo environment stability into our own dogfooding SLA.,Our demo platform is genuinely best-in-class — buyers feel it on the first call.
DT-2026Q2-0004,DemoTech,DT-10004,Strategic AE,Individual Contributor,Strategic,"San Francisco, CA (HQ)",6–12 months,7,2025-05-03,3,3,2,4,3,2,4,4,3,4,4,4,3,4,4,3,2,2,4,4,3,3,4,5,4,4,2,3,4,4,3,3,3,3,4,4,4,3,3,4,5,3,4,4,Product marketing launches features before sales knows how to position them.,Cap legal review SLA at 5 business days for deals under $150K ARR.,We have six different definitions of 'qualified' depending on who you ask.
DT-2026Q2-0005,DemoTech,DT-10005,BDR,Individual Contributor,Mid-Market,"London, UK",6–12 months,7,2025-04-24,3,4,2,4,3,4,2,4,4,4,4,3,4,3,3,3,4,4,2,3,3,4,3,4,4,4,2,4,3,3,2,3,4,4,3,3,3,4,4,4,3,5,3,5,Legal review on enterprise deals takes 2–3 weeks and champions go dark.,Simplify the comp plan to one page with worked examples.,Stage definitions change every quarter and my manager interprets them differently than RevOps.
DT-2026Q2-0006,DemoTech,DT-10006,Solutions Consultant,Individual Contributor,Mid-Market,"Austin, TX",6–12 months,7,2025-04-09,3,4,3,5,4,3,4,5,5,4,4,3,3,4,4,3,2,4,3,3,5,3,3,4,3,4,3,3,2,4,3,3,3,4,3,3,2,3,5,3,4,4,4,5,Product marketing launches features before sales knows how to position them.,Standardize SDR-to-AE handoff notes with required fields in Salesforce.,Deal desk gives different pricing guidance depending on who is on shift.
DT-2026Q2-0007,DemoTech,DT-10007,Sales Manager,Front-line Manager,Mid-Market,"Denver, CO",6–12 months,12,2025-04-13,5,2,4,5,3,4,4,3,4,4,3,5,4,3,3,2,4,3,3,3,4,3,4,3,4,4,4,2,2,2,2,4,3,5,5,4,2,3,3,2,3,4,3,3,Legal review on enterprise deals takes 2–3 weeks and champions go dark.,Cap legal review SLA at 5 business days for deals under $150K ARR.,Product marketing launches features before sales knows how to position them.
DT-2026Q2-0008,DemoTech,DT-10008,Commercial AE,Individual Contributor,Commercial,"London, UK",2–5 years,37,2025-05-22,5,3,5,3,3,5,5,4,3,5,3,3,3,4,2,4,3,3,4,4,3,3,4,3,4,3,4,3,3,4,3,3,3,4,4,5,3,4,4,4,4,3,5,4,Enablement content is built for Commercial but I'm Enterprise — I adapt everything.,Standardize SDR-to-AE handoff notes with required fields in Salesforce.,Legal review on enterprise deals takes 2–3 weeks and champions go dark.
DT-2026Q2-0009,DemoTech,DT-10009,Mid-Market AE,Individual Contributor,Mid-Market,Remote — US East,2–5 years,60,2025-05-25,4,3,3,3,4,3,5,3,3,4,3,5,4,2,3,3,4,3,3,4,3,3,3,5,4,3,3,4,3,3,1,4,2,3,4,2,3,4,3,5,5,2,2,4,SE coverage is thin — I wait three days for a technical win on competitive deals.,Give remote reps the same GTM briefings HQ gets in hallway conversations.,Security questionnaire responses are copy-paste from last year and buyers catch it.
DT-2026Q2-0010,DemoTech,DT-10010,Mid-Market AE,Individual Contributor,Mid-Market,Remote — US West,1–2 years,23,2025-05-24,4,4,4,4,4,4,4,4,3,3,3,3,3,4,3,4,2,4,3,3,3,3,1,3,3,4,4,2,3,1,3,3,4,4,3,2,4,5,3,3,2,3,5,5,Legal review on enterprise deals takes 2–3 weeks and champions go dark.,Build demo environment stability into our own dogfooding SLA.,Partner referrals arrive with no context and unrealistic close timelines.
DT-2026Q2-0011,DemoTech,DT-10011,Enterprise AE,Individual Contributor,Enterprise,Remote — US West,1–2 years,24,2025-04-03,2,3,3,5,3,5,5,2,3,4,2,3,4,4,4,3,2,3,2,5,3,3,4,4,3,3,5,2,1,3,2,3,3,5,3,4,3,2,3,3,3,4,2,4,Deal desk gives different pricing guidance depending on who is on shift.,Build demo environment stability into our own dogfooding SLA.,
DT-2026Q2-0012,DemoTech,DT-10012,Commercial AE,Individual Contributor,Commercial,"San Francisco, CA (HQ)",1–2 years,16,2025-04-08,3,3,4,2,3,3,4,4,4,5,3,5,3,4,2,4,3,4,3,4,4,4,4,4,4,3,4,4,3,1,2,3,4,4,4,4,5,4,3,5,3,4,5,5,Legal review on enterprise deals takes 2–3 weeks and champions go dark.,Build demo environment stability into our own dogfooding SLA.,We have six different definitions of 'qualified' depending on who you ask.
DT-2026Q2-0013,DemoTech,DT-10013,Mid-Market AE,Individual Contributor,Mid-Market,"Austin, TX",5+ years,77,2025-05-04,4,3,5,4,4,4,4,4,4,4,4,2,4,3,3,3,2,4,4,3,3,3,3,2,4,4,4,3,3,3,4,4,3,3,4,5,3,3,3,2,4,3,3,2,Inbound volume dropped after we changed the website — outbound isn't picking up the slack.,Publish a single source of truth for stage definitions and enforce it in Gong.,
DT-2026Q2-0014,DemoTech,DT-10014,Regional Sales Director,Director+,Enterprise,"San Francisco, CA (HQ)",6–12 months,9,2025-05-15,4,4,3,2,3,4,4,4,3,4,3,4,5,3,2,2,4,3,3,4,3,2,2,2,4,5,3,2,3,3,2,4,4,3,3,3,5,3,3,3,3,5,4,3,Legal review on enterprise deals takes 2–3 weeks and champions go dark.,Simplify the comp plan to one page with worked examples.,Territory carve-up left me with a lot of long-dormant accounts and no warm inbound.
DT-2026Q2-0015,DemoTech,DT-10015,BDR,Individual Contributor,Mid-Market,"Toronto, Canada",2–5 years,56,2025-05-25,4,4,4,4,4,3,5,4,4,3,4,4,3,4,4,3,5,3,4,5,3,5,2,4,3,4,4,4,2,2,3,4,4,2,3,5,4,4,4,2,3,4,4,3,Deal desk gives different pricing guidance depending on who is on shift.,Simplify the comp plan to one page with worked examples.,
DT-2026Q2-0016,DemoTech,DT-10016,Commercial AE,Individual Contributor,Commercial,"Toronto, Canada",5+ years,105,2025-04-19,2,5,3,4,2,4,2,5,4,3,5,5,5,5,3,4,4,3,3,3,5,5,4,4,4,3,3,3,4,4,3,3,5,3,4,3,3,3,4,5,4,5,5,5,Stage definitions change every quarter and my manager interprets them differently than RevOps.,Give remote reps the same GTM briefings HQ gets in hallway conversations.,Forecasting feels like a political exercise instead of an honest pipeline review.
DT-2026Q2-0017,DemoTech,DT-10017,Sales Engineer,Individual Contributor,Enterprise,"San Francisco, CA (HQ)",1–2 years,13,2025-05-12,3,4,3,3,4,3,5,5,3,4,4,3,3,4,4,3,4,2,3,3,3,4,2,3,3,4,4,2,2,3,3,5,1,2,3,5,3,3,2,3,4,4,3,3,Deal desk gives different pricing guidance depending on who is on shift.,Refresh ROI and CFO content for mid-market — stop making AEs rebuild decks.,All-hands celebrates product velocity; sellers are drowning in half-baked releases.
DT-2026Q2-0018,DemoTech,DT-10018,Commercial AE,Individual Contributor,Commercial,"Denver, CO",2–5 years,33,2025-04-21,3,3,3,4,4,4,4,5,4,4,1,3,2,3,4,3,4,2,4,2,3,4,4,4,5,3,3,1,5,3,2,5,5,4,2,4,3,3,5,2,4,5,5,4,Competitive battlecards are three months stale the moment a competitor ships something.,Staff one more SE per Enterprise pod for competitive bake-offs.,Security questionnaire responses are copy-paste from last year and buyers catch it.
DT-2026Q2-0019,DemoTech,DT-10019,Sales Engineer,Individual Contributor,Enterprise,"London, UK",2–5 years,32,2025-04-02,4,4,3,4,4,4,3,4,4,2,2,4,4,4,4,4,2,4,4,4,2,4,4,4,3,3,5,3,2,3,4,5,2,4,3,3,5,4,4,4,4,4,4,3,SE coverage is thin — I wait three days for a technical win on competitive deals.,Run monthly live objection labs instead of async enablement modules.,
DT-2026Q2-0020,DemoTech,DT-10020,Sales Manager,Front-line Manager,Enterprise,"San Francisco, CA (HQ)",6–12 months,8,2025-04-18,3,4,3,3,5,4,4,5,4,4,3,2,3,2,4,2,4,4,3,3,4,2,2,3,4,4,3,3,2,2,3,3,4,4,4,4,3,3,2,5,3,4,3,3,SE coverage is thin — I wait three days for a technical win on competitive deals.,"Tighten MQL criteria — fewer leads, higher quality.",Inbound volume dropped after we changed the website — outbound isn't picking up the slack.
DT-2026Q2-0021,DemoTech,DT-10021,Mid-Market AE,Individual Contributor,Mid-Market,Remote — US East,1–2 years,24,2025-04-11,2,4,3,4,4,4,4,3,5,4,4,2,2,3,3,3,2,4,3,1,3,1,3,3,3,3,3,2,4,4,2,4,2,3,5,1,4,2,3,3,5,3,3,4,Partner referrals arrive with no context and unrealistic close timelines.,Run monthly live objection labs instead of async enablement modules.,Inbound volume dropped after we changed the website — outbound isn't picking up the slack.
DT-2026Q2-0022,DemoTech,DT-10022,Sales Engineer,Individual Contributor,Enterprise,Remote — Canada,2–5 years,29,2025-04-24,3,3,3,3,3,4,3,5,4,3,4,4,4,4,3,2,3,2,2,4,3,3,3,4,3,3,3,2,2,3,3,3,4,4,3,4,5,4,4,4,3,3,4,2,Our demo platform is genuinely best-in-class — buyers feel it on the first call.,"Tighten MQL criteria — fewer leads, higher quality.",Our demo platform is genuinely best-in-class — buyers feel it on the first call.
DT-2026Q2-0023,DemoTech,DT-10023,CRO,Executive,Corporate / GTM,Remote — Canada,1–2 years,19,2025-05-10,4,4,3,5,3,3,5,4,4,4,3,3,3,4,3,4,4,4,4,4,4,3,3,2,4,3,4,4,2,2,3,3,4,3,4,2,2,4,3,3,3,3,4,4,RevOps fixed forecasting dashboards this quarter and it saved me hours every week.,Cap legal review SLA at 5 business days for deals under $150K ARR.,
DT-2026Q2-0024,DemoTech,DT-10024,Enterprise AE,Individual Contributor,Enterprise,"Toronto, Canada",1–2 years,17,2025-05-15,4,4,3,5,4,4,4,3,2,3,4,3,4,3,4,4,1,3,2,4,5,1,5,4,5,4,5,3,2,2,3,3,4,2,5,4,3,4,3,3,4,5,5,3,Marketing promises 'demo transformation in 30 days' and buyers expect magic on call one.,Build demo environment stability into our own dogfooding SLA.,
DT-2026Q2-0025,DemoTech,DT-10025,Solutions Consultant,Individual Contributor,Mid-Market,"London, UK",5+ years,105,2025-05-05,2,3,3,4,4,2,4,3,4,3,2,3,3,4,3,4,4,5,3,4,4,4,4,3,4,2,4,3,2,4,4,4,4,5,4,2,4,4,3,4,4,5,3,5,Competitive battlecards are three months stale the moment a competitor ships something.,Cap legal review SLA at 5 business days for deals under $150K ARR.,
DT-2026Q2-0026,DemoTech,DT-10026,Sales Manager,Front-line Manager,Commercial,"Toronto, Canada",2–5 years,53,2025-05-25,4,5,2,3,4,3,5,5,3,3,3,4,5,2,3,5,3,5,4,4,4,3,3,4,4,4,3,3,4,3,5,4,4,3,4,3,3,5,4,3,4,3,4,4,Competitive battlecards are three months stale the moment a competitor ships something.,Simplify the comp plan to one page with worked examples.,
DT-2026Q2-0027,DemoTech,DT-10027,Enterprise AE,Individual Contributor,Enterprise,Remote — US West,0–6 months,3,2025-04-10,4,3,2,2,5,4,3,3,3,3,3,2,4,3,2,2,2,2,1,4,1,2,3,3,3,3,3,3,2,1,3,3,3,3,2,2,4,4,2,4,4,3,4,3,"MQLs from the last campaign were mostly students and consultants, not buyers.",Staff one more SE per Enterprise pod for competitive bake-offs.,
DT-2026Q2-0028,DemoTech,DT-10028,Solutions Consultant,Individual Contributor,Mid-Market,"San Francisco, CA (HQ)",6–12 months,7,2025-04-02,3,4,2,4,3,4,4,3,4,4,3,3,4,3,3,4,4,3,4,5,2,4,3,4,3,4,4,3,3,3,3,4,2,4,4,4,2,4,4,3,2,5,4,3,Security questionnaire responses are copy-paste from last year and buyers catch it.,Run monthly live objection labs instead of async enablement modules.,SDR-to-AE handoffs lose context — I re-discover pain points on the first call every time.
DT-2026Q2-0029,DemoTech,DT-10029,Sales Enablement Manager,Individual Contributor,Corporate / GTM,"Austin, TX",5+ years,104,2025-05-02,4,4,3,3,4,4,5,5,4,5,4,4,3,4,3,5,4,4,2,4,5,5,4,3,3,3,5,3,4,4,4,5,5,4,5,3,3,3,3,4,4,5,4,3,Accelerators kick in too late — I don't feel rewarded for landing lighthouse logos.,Simplify the comp plan to one page with worked examples.,Multi-year deal splits are unclear when CS owns the expansion motion.
DT-2026Q2-0030,DemoTech,DT-10030,Sales Manager,Front-line Manager,Commercial,Remote — US East,0–6 months,5,2025-05-15,3,2,3,3,2,5,3,2,4,2,5,4,2,2,3,2,4,2,2,2,4,3,3,3,3,3,4,3,2,2,4,2,3,2,2,2,4,4,2,3,4,5,4,4,All-hands celebrates product velocity; sellers are drowning in half-baked releases.,Build demo environment stability into our own dogfooding SLA.,Marketing promises 'demo transformation in 30 days' and buyers expect magic on call one.
DT-2026Q2-0031,DemoTech,DT-10031,SDR,Individual Contributor,Commercial,Remote — Canada,6–12 months,8,2025-05-20,3,2,3,3,4,3,4,2,3,4,4,3,3,3,3,2,3,1,4,1,3,3,2,3,3,3,3,3,3,4,2,3,3,3,3,4,3,5,2,3,3,4,5,4,Inbound volume dropped after we changed the website — outbound isn't picking up the slack.,Refresh ROI and CFO content for mid-market — stop making AEs rebuild decks.,Marketing promises 'demo transformation in 30 days' and buyers expect magic on call one.
DT-2026Q2-0032,DemoTech,DT-10032,SDR,Individual Contributor,Commercial,Remote — US East,2–5 years,55,2025-05-18,4,4,4,4,3,4,4,4,3,3,3,4,2,4,4,2,3,3,4,3,4,3,3,4,3,3,4,3,3,2,3,3,4,3,4,3,3,4,4,3,3,4,3,4,Legal review on enterprise deals takes 2–3 weeks and champions go dark.,Run monthly live objection labs instead of async enablement modules.,Marketing promises 'demo transformation in 30 days' and buyers expect magic on call one.
DT-2026Q2-0033,DemoTech,DT-10033,RevOps Analyst,Individual Contributor,Corporate / GTM,Remote — Canada,1–2 years,24,2025-04-20,1,4,4,2,2,3,4,4,3,3,4,3,3,3,4,3,4,3,4,5,2,4,5,3,4,3,4,4,3,4,2,3,4,5,3,4,4,2,3,3,3,4,4,5,Forecasting feels like a political exercise instead of an honest pipeline review.,Cap legal review SLA at 5 business days for deals under $150K ARR.,
DT-2026Q2-0034,DemoTech,DT-10034,Strategic AE,Individual Contributor,Strategic,Remote — US East,1–2 years,18,2025-05-10,4,4,2,5,4,2,4,3,3,5,3,4,3,4,4,4,4,2,4,4,3,3,3,3,3,3,2,4,4,4,4,3,4,3,5,3,3,3,4,3,2,3,4,4,SPIFF rules changed mid-quarter and nobody could explain the clawback logic.,Publish a single source of truth for stage definitions and enforce it in Gong.,Multi-year deal splits are unclear when CS owns the expansion motion.
DT-2026Q2-0035,DemoTech,DT-10035,Solutions Consultant,Individual Contributor,Mid-Market,"San Francisco, CA (HQ)",5+ years,86,2025-05-06,5,3,5,3,5,4,5,5,3,5,3,3,5,3,3,3,4,4,3,4,4,5,4,3,4,3,5,2,4,2,4,4,4,4,3,4,4,4,4,2,3,5,5,4,Legal review on enterprise deals takes 2–3 weeks and champions go dark.,Staff one more SE per Enterprise pod for competitive bake-offs.,Competitive battlecards are three months stale the moment a competitor ships something.
DT-2026Q2-0036,DemoTech,DT-10036,Mid-Market AE,Individual Contributor,Mid-Market,Remote — EMEA,5+ years,117,2025-05-23,5,5,3,5,4,4,5,5,3,3,2,3,2,3,3,4,3,1,4,4,3,3,3,3,3,3,3,3,2,4,3,4,3,3,2,3,2,4,3,4,2,4,3,3,Competitive battlecards are three months stale the moment a competitor ships something.,Build demo environment stability into our own dogfooding SLA.,Product marketing launches features before sales knows how to position them.
DT-2026Q2-0037,DemoTech,DT-10037,Commercial AE,Individual Contributor,Commercial,"New York, NY",2–5 years,28,2025-04-16,5,4,4,2,5,4,2,5,3,5,4,3,3,3,2,3,3,4,2,3,3,3,4,4,3,5,3,3,4,3,3,4,5,3,5,5,2,4,4,4,4,5,5,4,Onboarding was strong on product but weak on enterprise procurement cycles.,Refresh ROI and CFO content for mid-market — stop making AEs rebuild decks.,
DT-2026Q2-0038,DemoTech,DT-10038,Mid-Market AE,Individual Contributor,Mid-Market,"Denver, CO",2–5 years,28,2025-04-17,4,4,5,3,2,3,5,3,5,2,3,4,3,5,2,3,4,4,3,3,3,5,3,5,4,3,4,4,3,3,4,5,4,4,4,4,3,4,3,4,4,5,3,4,Competitive battlecards are three months stale the moment a competitor ships something.,Standardize SDR-to-AE handoff notes with required fields in Salesforce.,Marketing promises 'demo transformation in 30 days' and buyers expect magic on call one.
DT-2026Q2-0039,DemoTech,DT-10039,Sales Engineer,Individual Contributor,Enterprise,"Denver, CO",5+ years,98,2025-04-16,4,5,3,5,4,5,4,3,4,2,3,2,3,4,3,4,2,4,3,4,4,3,4,3,4,3,4,3,4,3,3,3,3,3,3,3,4,4,3,4,2,4,3,5,Enablement content is built for Commercial but I'm Enterprise — I adapt everything.,Give remote reps the same GTM briefings HQ gets in hallway conversations.,All-hands celebrates product velocity; sellers are drowning in half-baked releases.
DT-2026Q2-0040,DemoTech,DT-10040,BDR,Individual Contributor,Mid-Market,Remote — EMEA,1–2 years,21,2025-04-17,5,4,5,3,3,3,4,3,4,4,2,3,2,2,3,2,3,3,3,3,2,3,3,3,4,2,4,1,3,3,3,4,2,3,3,4,3,4,1,2,4,5,4,2,Onboarding was strong on product but weak on enterprise procurement cycles.,Staff one more SE per Enterprise pod for competitive bake-offs.,Security questionnaire responses are copy-paste from last year and buyers catch it.
DT-2026Q2-0041,DemoTech,DT-10041,Enterprise AE,Individual Contributor,Enterprise,"San Francisco, CA (HQ)",2–5 years,35,2025-04-16,4,3,3,5,5,4,5,4,5,3,3,3,5,3,3,4,3,3,3,3,4,4,4,2,4,4,3,2,4,2,2,3,4,2,4,3,4,3,4,4,5,5,3,3,Deal desk gives different pricing guidance depending on who is on shift.,Standardize SDR-to-AE handoff notes with required fields in Salesforce.,Product marketing launches features before sales knows how to position them.
DT-2026Q2-0042,DemoTech,DT-10042,Mid-Market AE,Individual Contributor,Mid-Market,"Toronto, Canada",2–5 years,49,2025-05-06,3,3,5,4,4,3,5,4,4,3,4,3,4,4,3,4,3,4,4,4,3,3,4,4,5,4,3,4,3,4,5,5,5,2,3,4,3,4,3,5,5,5,3,4,The Commercial team culture is strong — people share what works on Slack.,Refresh ROI and CFO content for mid-market — stop making AEs rebuild decks.,
DT-2026Q2-0043,DemoTech,DT-10043,Mid-Market AE,Individual Contributor,Mid-Market,Remote — Canada,6–12 months,7,2025-04-10,4,3,4,3,4,3,2,4,3,3,3,4,3,2,4,4,2,4,1,1,3,2,3,5,2,5,4,5,3,4,4,3,4,3,4,2,5,4,4,2,4,4,3,4,My patch is geographically huge for an Enterprise rep — travel eats selling time.,Staff one more SE per Enterprise pod for competitive bake-offs.,Product marketing launches features before sales knows how to position them.
DT-2026Q2-0044,DemoTech,DT-10044,Enterprise AE,Individual Contributor,Enterprise,Remote — EMEA,1–2 years,24,2025-05-18,5,4,3,2,2,3,5,4,3,3,2,3,3,2,4,3,3,3,3,4,3,2,3,3,3,4,3,1,4,5,2,3,4,3,4,2,3,4,4,2,3,4,3,3,Our demo platform is genuinely best-in-class — buyers feel it on the first call.,Staff one more SE per Enterprise pod for competitive bake-offs.,The Commercial team culture is strong — people share what works on Slack.
DT-2026Q2-0045,DemoTech,DT-10045,Enterprise AE,Individual Contributor,Enterprise,"Austin, TX",5+ years,108,2025-04-17,4,4,2,3,4,5,5,5,4,4,3,3,3,3,3,3,3,2,4,4,4,3,3,5,4,5,3,3,2,2,2,3,4,3,4,2,3,5,4,4,4,5,4,5,Security questionnaire responses are copy-paste from last year and buyers catch it.,Build demo environment stability into our own dogfooding SLA.,Enablement content is built for Commercial but I'm Enterprise — I adapt everything.
DT-2026Q2-0046,DemoTech,DT-10046,Mid-Market AE,Individual Contributor,Mid-Market,Remote — US East,2–5 years,36,2025-04-16,3,4,4,3,5,2,4,4,3,5,3,3,2,3,3,3,2,2,3,4,3,4,4,3,4,3,2,3,3,4,4,3,3,2,3,4,2,4,3,3,4,4,3,5,Our demo platform is genuinely best-in-class — buyers feel it on the first call.,Refresh ROI and CFO content for mid-market — stop making AEs rebuild decks.,The Commercial team culture is strong — people share what works on Slack.
DT-2026Q2-0047,DemoTech,DT-10047,CRO,Executive,Corporate / GTM,Remote — Canada,2–5 years,35,2025-04-26,4,4,5,4,4,5,4,5,4,5,5,2,4,3,5,3,5,2,4,3,4,3,3,2,4,3,3,3,3,4,2,4,4,4,3,4,5,4,5,4,5,5,4,3,Accelerators kick in too late — I don't feel rewarded for landing lighthouse logos.,Staff one more SE per Enterprise pod for competitive bake-offs.,
DT-2026Q2-0048,DemoTech,DT-10048,Mid-Market AE,Individual Contributor,Mid-Market,Remote — US West,5+ years,92,2025-05-11,4,3,2,3,3,4,4,4,5,5,3,3,4,3,5,3,3,4,4,4,4,5,3,5,4,4,4,3,2,3,3,3,3,2,4,3,4,4,3,3,3,3,4,3,Our demo platform is genuinely best-in-class — buyers feel it on the first call.,Refresh ROI and CFO content for mid-market — stop making AEs rebuild decks.,Our demo platform is genuinely best-in-class — buyers feel it on the first call.
DT-2026Q2-0049,DemoTech,DT-10049,SDR,Individual Contributor,Commercial,"Toronto, Canada",5+ years,69,2025-05-25,4,2,3,3,5,4,4,4,4,4,4,2,3,3,4,5,4,4,3,2,2,4,3,5,4,5,4,3,3,3,4,2,4,5,4,4,3,3,4,3,3,5,4,4,Territory carve-up left me with a lot of long-dormant accounts and no warm inbound.,Run monthly live objection labs instead of async enablement modules.,
DT-2026Q2-0050,DemoTech,DT-10050,BDR,Individual Contributor,Mid-Market,Remote — Canada,1–2 years,21,2025-04-25,1,4,4,4,4,4,5,3,3,4,3,2,3,4,3,2,3,3,5,4,3,3,2,5,4,2,3,2,1,4,3,4,4,3,3,3,3,2,3,4,4,4,3,4,Deal desk gives different pricing guidance depending on who is on shift.,Publish a single source of truth for stage definitions and enforce it in Gong.,Deal desk gives different pricing guidance depending on who is on shift.
DT-2026Q2-0051,DemoTech,DT-10051,Sales Manager,Front-line Manager,Commercial,"San Francisco, CA (HQ)",1–2 years,19,2025-05-17,5,4,3,3,3,4,3,4,4,4,4,4,3,3,3,3,4,3,2,4,5,5,4,3,5,3,3,4,2,4,3,4,3,4,4,3,4,1,4,4,3,4,4,3,Marketing promises 'demo transformation in 30 days' and buyers expect magic on call one.,Run monthly live objection labs instead of async enablement modules.,We need ROI calculators for mid-market CFOs — I build them in Google Sheets weekly.
DT-2026Q2-0052,DemoTech,DT-10052,Sales Manager,Front-line Manager,Commercial,Remote — US East,1–2 years,20,2025-04-24,5,3,3,3,3,4,3,5,5,2,5,3,4,2,4,4,3,4,5,4,3,3,5,3,2,3,2,5,3,3,4,4,4,4,1,4,3,4,3,5,3,3,3,4,"My manager runs tight pipeline reviews with real coaching, not just inspection.",Publish a single source of truth for stage definitions and enforce it in Gong.,
DT-2026Q2-0053,DemoTech,DT-10053,Enterprise AE,Individual Contributor,Enterprise,"Austin, TX",0–6 months,4,2025-05-11,2,4,4,3,3,4,4,4,3,2,3,3,4,3,4,3,2,4,3,3,3,3,2,4,3,3,2,3,2,2,4,1,4,4,2,4,3,2,3,5,4,4,4,3,The Commercial team culture is strong — people share what works on Slack.,Staff one more SE per Enterprise pod for competitive bake-offs.,RevOps fixed forecasting dashboards this quarter and it saved me hours every week.
DT-2026Q2-0054,DemoTech,DT-10054,SDR,Individual Contributor,Commercial,Remote — Canada,1–2 years,24,2025-05-16,5,4,4,4,4,4,4,4,3,3,3,4,3,3,3,3,4,5,2,3,3,1,4,3,3,4,2,3,2,3,3,4,4,5,3,3,4,3,4,1,4,4,3,3,Territory carve-up left me with a lot of long-dormant accounts and no warm inbound.,Refresh ROI and CFO content for mid-market — stop making AEs rebuild decks.,Security questionnaire responses are copy-paste from last year and buyers catch it.
DT-2026Q2-0055,DemoTech,DT-10055,Commercial AE,Individual Contributor,Commercial,"Austin, TX",6–12 months,11,2025-05-26,3,3,2,3,3,5,5,5,5,2,4,3,4,4,4,3,4,3,3,4,4,3,4,5,4,3,4,4,3,3,2,3,5,4,3,3,3,4,5,3,2,5,3,4,Forecasting feels like a political exercise instead of an honest pipeline review.,Refresh ROI and CFO content for mid-market — stop making AEs rebuild decks.,
DT-2026Q2-0056,DemoTech,DT-10056,Regional Sales Director,Director+,Strategic,"London, UK",2–5 years,43,2025-04-06,3,2,5,3,5,4,5,4,5,3,4,5,4,3,4,3,4,3,4,3,3,2,4,3,4,4,4,4,3,3,2,5,5,3,3,4,3,4,2,4,3,3,4,4,Partner referrals arrive with no context and unrealistic close timelines.,Standardize SDR-to-AE handoff notes with required fields in Salesforce.,Legal review on enterprise deals takes 2–3 weeks and champions go dark.
DT-2026Q2-0057,DemoTech,DT-10057,SDR,Individual Contributor,Commercial,"Austin, TX",5+ years,71,2025-04-18,5,3,2,5,5,3,3,5,3,3,4,4,4,3,2,3,2,3,3,4,2,4,3,4,4,4,4,2,3,3,4,5,5,3,5,5,2,4,4,5,3,5,3,4,RevOps fixed forecasting dashboards this quarter and it saved me hours every week.,Give remote reps the same GTM briefings HQ gets in hallway conversations.,The Commercial team culture is strong — people share what works on Slack.
DT-2026Q2-0058,DemoTech,DT-10058,Enterprise AE,Individual Contributor,Enterprise,"Austin, TX",2–5 years,31,2025-04-22,3,5,5,4,2,4,5,3,2,4,2,4,3,4,5,3,2,3,4,2,3,3,4,3,5,4,4,2,1,4,1,5,3,2,4,5,4,4,3,4,4,5,2,4,Security questionnaire responses are copy-paste from last year and buyers catch it.,Staff one more SE per Enterprise pod for competitive bake-offs.,"MQLs from the last campaign were mostly students and consultants, not buyers."
DT-2026Q2-0059,DemoTech,DT-10059,Enterprise AE,Individual Contributor,Enterprise,Remote — Canada,2–5 years,31,2025-04-19,4,2,5,2,4,3,4,3,3,4,2,4,3,3,2,4,3,3,2,3,3,4,3,3,5,2,3,1,3,3,2,2,3,5,3,3,2,4,3,4,3,4,5,4,RevOps fixed forecasting dashboards this quarter and it saved me hours every week.,Publish a single source of truth for stage definitions and enforce it in Gong.,
DT-2026Q2-0060,DemoTech,DT-10060,Mid-Market AE,Individual Contributor,Mid-Market,Remote — Canada,0–6 months,2,2025-04-27,3,3,4,3,3,4,3,4,4,3,3,4,1,4,2,3,2,4,3,4,3,3,4,4,3,3,3,3,3,4,1,3,4,3,3,3,4,4,3,4,4,3,3,2,Deal desk gives different pricing guidance depending on who is on shift.,Give remote reps the same GTM briefings HQ gets in hallway conversations.,Enablement content is built for Commercial but I'm Enterprise — I adapt everything.
DT-2026Q2-0061,DemoTech,DT-10061,Commercial AE,Individual Contributor,Commercial,Remote — EMEA,5+ years,86,2025-04-01,2,3,4,3,3,3,4,4,5,5,2,2,3,5,4,3,4,4,4,2,4,2,3,2,3,2,4,3,2,3,4,4,3,3,3,3,2,3,5,3,2,4,4,2,Territory carve-up left me with a lot of long-dormant accounts and no warm inbound.,Give remote reps the same GTM briefings HQ gets in hallway conversations.,Accelerators kick in too late — I don't feel rewarded for landing lighthouse logos.
DT-2026Q2-0062,DemoTech,DT-10062,Sales Manager,Front-line Manager,Enterprise,"Austin, TX",5+ years,118,2025-05-21,4,4,4,3,4,3,4,5,5,3,4,3,4,3,4,3,4,3,3,4,4,3,4,5,2,3,3,3,2,1,2,4,4,5,4,4,4,3,4,3,4,4,3,3,Security questionnaire responses are copy-paste from last year and buyers catch it.,"Tighten MQL criteria — fewer leads, higher quality.","MQLs from the last campaign were mostly students and consultants, not buyers."
DT-2026Q2-0063,DemoTech,DT-10063,Sales Manager,Front-line Manager,Commercial,"Toronto, Canada",2–5 years,58,2025-04-01,3,3,4,5,4,4,4,5,5,5,3,4,3,3,3,5,4,3,4,3,4,5,4,3,4,5,5,4,3,3,2,5,5,4,4,5,5,5,3,3,5,5,3,4,Security questionnaire responses are copy-paste from last year and buyers catch it.,Publish a single source of truth for stage definitions and enforce it in Gong.,Onboarding was strong on product but weak on enterprise procurement cycles.
DT-2026Q2-0064,DemoTech,DT-10064,Commercial AE,Individual Contributor,Commercial,"New York, NY",2–5 years,42,2025-04-14,4,3,4,3,4,4,5,5,4,5,4,5,4,4,3,3,4,3,5,4,5,3,3,3,5,4,4,3,3,4,4,4,3,4,4,4,3,5,3,5,5,5,5,4,SE coverage is thin — I wait three days for a technical win on competitive deals.,Run monthly live objection labs instead of async enablement modules.,We have six different definitions of 'qualified' depending on who you ask.
DT-2026Q2-0065,DemoTech,DT-10065,Sales Enablement Manager,Individual Contributor,Corporate / GTM,"London, UK",5+ years,66,2025-05-27,4,4,3,5,5,3,4,4,5,4,5,5,5,4,5,5,2,4,2,4,4,3,5,3,4,2,3,4,4,3,5,4,5,4,2,4,4,3,5,4,3,4,3,3,Comp plan deck was 40 slides; I still don't know how renewals affect my number.,Run monthly live objection labs instead of async enablement modules.,
DT-2026Q2-0066,DemoTech,DT-10066,Enterprise AE,Individual Contributor,Enterprise,"Austin, TX",5+ years,96,2025-04-01,3,3,5,2,4,4,4,4,4,4,4,5,3,4,2,4,2,4,3,4,2,4,4,4,4,4,5,3,2,2,2,4,3,2,3,4,4,5,3,3,3,5,3,3,SE coverage is thin — I wait three days for a technical win on competitive deals.,Standardize SDR-to-AE handoff notes with required fields in Salesforce.,All-hands celebrates product velocity; sellers are drowning in half-baked releases.
DT-2026Q2-0067,DemoTech,DT-10067,Enterprise AE,Individual Contributor,Enterprise,"Toronto, Canada",2–5 years,27,2025-04-16,5,5,4,3,3,4,5,4,3,4,4,3,2,5,4,2,3,2,2,2,4,4,3,4,5,3,3,3,3,3,2,3,4,4,2,3,3,4,5,4,4,4,5,3,"MQLs from the last campaign were mostly students and consultants, not buyers.",Publish a single source of truth for stage definitions and enforce it in Gong.,Deal desk gives different pricing guidance depending on who is on shift.
DT-2026Q2-0068,DemoTech,DT-10068,Regional Sales Director,Director+,Mid-Market,"Toronto, Canada",2–5 years,60,2025-04-07,4,5,3,2,5,5,5,4,3,4,3,2,3,3,5,3,3,2,2,3,3,4,4,4,4,4,4,5,5,3,3,4,4,3,3,4,3,4,3,3,4,5,3,5,We need ROI calculators for mid-market CFOs — I build them in Google Sheets weekly.,Standardize SDR-to-AE handoff notes with required fields in Salesforce.,
DT-2026Q2-0069,DemoTech,DT-10069,Mid-Market AE,Individual Contributor,Mid-Market,"Toronto, Canada",5+ years,64,2025-04-24,4,5,4,2,5,2,4,3,4,3,2,3,4,3,4,4,4,4,2,3,3,4,4,5,4,5,4,3,4,4,5,4,3,3,2,4,3,5,3,4,4,5,3,4,Product roadmap slides don't match what I hear in discovery calls.,Run monthly live objection labs instead of async enablement modules.,Ironically our internal demo environment crashes more than I'd like on live calls.
DT-2026Q2-0070,DemoTech,DT-10070,Enterprise AE,Individual Contributor,Enterprise,"Toronto, Canada",1–2 years,16,2025-05-18,5,2,5,4,2,5,3,3,5,4,3,5,4,3,3,3,5,2,2,5,3,4,4,3,2,4,5,5,3,3,4,4,4,2,3,4,2,3,5,4,3,3,4,3,We need ROI calculators for mid-market CFOs — I build them in Google Sheets weekly.,Standardize SDR-to-AE handoff notes with required fields in Salesforce.,Product roadmap slides don't match what I hear in discovery calls.
DT-2026Q2-0071,DemoTech,DT-10071,BDR,Individual Contributor,Mid-Market,"London, UK",2–5 years,39,2025-05-14,3,5,4,4,3,3,4,3,4,3,4,3,4,3,4,3,5,4,3,4,3,2,3,4,3,5,2,3,4,4,5,3,4,3,5,3,3,4,5,4,2,4,3,5,Partner referrals arrive with no context and unrealistic close timelines.,Refresh ROI and CFO content for mid-market — stop making AEs rebuild decks.,Ironically our internal demo environment crashes more than I'd like on live calls.
DT-2026Q2-0072,DemoTech,DT-10072,BDR,Individual Contributor,Mid-Market,"Denver, CO",2–5 years,41,2025-04-04,4,5,5,2,5,3,3,4,4,4,5,4,3,4,5,4,4,4,4,3,2,4,3,5,3,4,3,4,4,3,3,5,2,4,5,5,4,3,3,4,3,4,3,3,Inbound volume dropped after we changed the website — outbound isn't picking up the slack.,Simplify the comp plan to one page with worked examples.,Territory carve-up left me with a lot of long-dormant accounts and no warm inbound.
DT-2026Q2-0073,DemoTech,DT-10073,Sales Manager,Front-line Manager,Commercial,Remote — EMEA,2–5 years,50,2025-04-02,2,3,4,3,4,3,4,5,4,3,2,4,3,4,3,2,4,2,4,4,3,3,4,3,5,3,3,3,3,4,4,4,4,4,4,3,3,4,5,4,3,5,2,3,We need ROI calculators for mid-market CFOs — I build them in Google Sheets weekly.,Build demo environment stability into our own dogfooding SLA.,SDR-to-AE handoffs lose context — I re-discover pain points on the first call every time.
DT-2026Q2-0074,DemoTech,DT-10074,Commercial AE,Individual Contributor,Commercial,Remote — US West,1–2 years,23,2025-04-17,3,5,4,4,4,3,5,2,5,4,3,4,3,3,4,3,2,2,3,2,3,4,3,3,2,3,3,3,4,4,4,4,4,3,4,5,3,3,5,3,4,3,4,2,Product marketing launches features before sales knows how to position them.,Give remote reps the same GTM briefings HQ gets in hallway conversations.,Comp plan deck was 40 slides; I still don't know how renewals affect my number.
DT-2026Q2-0075,DemoTech,DT-10075,Enterprise AE,Individual Contributor,Enterprise,Remote — Canada,5+ years,72,2025-05-06,3,3,2,4,4,5,5,4,4,3,3,4,4,4,3,3,3,2,4,4,4,4,4,2,4,2,3,2,4,3,3,5,4,3,2,3,4,2,4,4,3,4,4,3,Comp plan deck was 40 slides; I still don't know how renewals affect my number.,Cap legal review SLA at 5 business days for deals under $150K ARR.,Marketing promises 'demo transformation in 30 days' and buyers expect magic on call one.
DT-2026Q2-0076,DemoTech,DT-10076,Enterprise AE,Individual Contributor,Enterprise,"New York, NY",1–2 years,19,2025-04-23,4,3,4,4,3,4,3,4,2,2,3,4,3,3,4,4,1,4,2,3,3,4,4,3,4,5,4,3,1,3,3,2,3,3,3,4,4,2,3,4,4,5,3,5,Security questionnaire responses are copy-paste from last year and buyers catch it.,Build demo environment stability into our own dogfooding SLA.,
DT-2026Q2-0077,DemoTech,DT-10077,Commercial AE,Individual Contributor,Commercial,Remote — Canada,0–6 months,2,2025-05-15,5,3,4,3,4,5,2,3,2,3,2,4,3,3,3,3,2,2,3,3,2,1,2,3,2,3,2,4,3,5,2,3,3,3,2,3,2,3,4,4,3,5,3,3,My patch is geographically huge for an Enterprise rep — travel eats selling time.,Build demo environment stability into our own dogfooding SLA.,"MQLs from the last campaign were mostly students and consultants, not buyers."
DT-2026Q2-0078,DemoTech,DT-10078,Sales Manager,Front-line Manager,Mid-Market,Remote — US East,5+ years,116,2025-04-16,4,4,2,1,3,3,3,5,4,4,4,3,4,4,3,3,4,3,2,5,3,5,2,2,3,4,3,1,3,4,3,5,4,4,4,3,3,2,4,2,4,4,3,3,Deal desk gives different pricing guidance depending on who is on shift.,Give remote reps the same GTM briefings HQ gets in hallway conversations.,Forecasting feels like a political exercise instead of an honest pipeline review.
DT-2026Q2-0079,DemoTech,DT-10079,Mid-Market AE,Individual Contributor,Mid-Market,Remote — Canada,0–6 months,5,2025-05-16,3,3,2,4,3,2,4,4,3,3,3,2,4,3,3,2,3,3,3,3,3,4,2,4,3,4,2,3,4,2,3,2,3,2,3,3,3,2,3,3,3,4,4,2,All-hands celebrates product velocity; sellers are drowning in half-baked releases.,Give remote reps the same GTM briefings HQ gets in hallway conversations.,Marketing promises 'demo transformation in 30 days' and buyers expect magic on call one.
DT-2026Q2-0080,DemoTech,DT-10080,Mid-Market AE,Individual Contributor,Mid-Market,"Austin, TX",0–6 months,3,2025-05-27,3,3,3,4,1,3,4,4,5,5,4,3,2,3,4,4,2,4,2,3,4,3,3,5,4,4,4,2,2,2,3,3,4,4,3,4,3,5,3,4,4,3,2,2,SE coverage is thin — I wait three days for a technical win on competitive deals.,Standardize SDR-to-AE handoff notes with required fields in Salesforce.,SDR-to-AE handoffs lose context — I re-discover pain points on the first call every time.
DT-2026Q2-0081,DemoTech,DT-10081,Enterprise AE,Individual Contributor,Enterprise,"New York, NY",6–12 months,10,2025-04-04,5,4,3,3,2,5,5,4,4,5,4,3,3,4,3,3,3,3,2,2,3,4,4,3,3,5,5,2,3,4,2,3,2,3,3,3,3,4,4,3,3,5,3,4,"MQLs from the last campaign were mostly students and consultants, not buyers.",Run monthly live objection labs instead of async enablement modules.,Legal review on enterprise deals takes 2–3 weeks and champions go dark.
DT-2026Q2-0082,DemoTech,DT-10082,Strategic AE,Individual Contributor,Strategic,Remote — US East,5+ years,91,2025-05-01,4,2,2,3,3,4,5,3,4,5,2,2,3,4,3,2,3,2,3,3,3,2,3,4,4,4,4,4,2,3,2,3,5,5,5,4,3,4,3,4,4,4,4,4,Product marketing launches features before sales knows how to position them.,Run monthly live objection labs instead of async enablement modules.,Territory carve-up left me with a lot of long-dormant accounts and no warm inbound.
DT-2026Q2-0083,DemoTech,DT-10083,Commercial AE,Individual Contributor,Commercial,"Austin, TX",0–6 months,4,2025-04-18,3,3,4,2,4,3,4,3,4,3,3,3,2,4,1,3,2,3,3,4,3,3,4,3,3,5,4,4,3,2,4,4,3,4,3,4,3,3,5,4,2,4,3,4,Onboarding was strong on product but weak on enterprise procurement cycles.,Build demo environment stability into our own dogfooding SLA.,Marketing promises 'demo transformation in 30 days' and buyers expect magic on call one.
DT-2026Q2-0084,DemoTech,DT-10084,SDR,Individual Contributor,Commercial,"Austin, TX",2–5 years,31,2025-04-16,4,5,4,2,4,3,5,5,4,4,4,3,3,4,3,3,4,4,3,3,4,2,3,4,4,4,4,4,4,3,3,4,5,4,4,3,4,3,3,4,3,4,3,3,Partner referrals arrive with no context and unrealistic close timelines.,Staff one more SE per Enterprise pod for competitive bake-offs.,Territory carve-up left me with a lot of long-dormant accounts and no warm inbound.
DT-2026Q2-0085,DemoTech,DT-10085,SDR,Individual Contributor,Commercial,"Austin, TX",6–12 months,7,2025-04-04,3,4,2,3,3,3,4,3,3,5,5,4,4,4,4,3,3,3,1,2,2,3,3,2,4,4,4,3,5,2,4,4,3,3,3,3,3,3,3,3,5,5,3,4,Marketing promises 'demo transformation in 30 days' and buyers expect magic on call one.,Publish a single source of truth for stage definitions and enforce it in Gong.,
DT-2026Q2-0086,DemoTech,DT-10086,Enterprise AE,Individual Contributor,Enterprise,Remote — EMEA,1–2 years,15,2025-05-12,4,3,5,3,2,4,4,3,4,5,3,4,3,2,1,4,3,3,3,3,4,5,5,4,4,4,4,1,3,1,1,3,3,3,3,4,3,5,3,4,3,5,3,3,The Commercial team culture is strong — people share what works on Slack.,Give remote reps the same GTM briefings HQ gets in hallway conversations.,Our demo platform is genuinely best-in-class — buyers feel it on the first call.
DT-2026Q2-0087,DemoTech,DT-10087,Enterprise AE,Individual Contributor,Enterprise,"London, UK",0–6 months,5,2025-05-03,4,1,2,5,2,4,5,5,4,2,4,3,3,3,2,3,2,3,3,3,2,1,4,3,3,3,2,3,3,3,1,3,3,3,2,4,3,2,3,3,3,5,1,2,Inbound volume dropped after we changed the website — outbound isn't picking up the slack.,Staff one more SE per Enterprise pod for competitive bake-offs.,Security questionnaire responses are copy-paste from last year and buyers catch it.
DT-2026Q2-0088,DemoTech,DT-10088,Commercial AE,Individual Contributor,Commercial,Remote — Canada,0–6 months,6,2025-05-14,3,3,2,4,3,3,3,5,4,2,1,4,3,4,4,4,4,3,3,4,4,4,3,4,3,2,2,3,3,2,1,3,2,3,4,3,3,2,4,3,3,4,4,4,Security questionnaire responses are copy-paste from last year and buyers catch it.,Standardize SDR-to-AE handoff notes with required fields in Salesforce.,Accelerators kick in too late — I don't feel rewarded for landing lighthouse logos.
DT-2026Q2-0089,DemoTech,DT-10089,Enterprise AE,Individual Contributor,Enterprise,"Toronto, Canada",5+ years,62,2025-05-28,4,3,5,4,3,2,3,4,4,4,5,3,4,3,4,3,2,3,5,4,3,4,5,4,4,4,4,4,5,3,5,3,4,4,3,4,4,3,3,2,3,3,3,3,We need ROI calculators for mid-market CFOs — I build them in Google Sheets weekly.,Give remote reps the same GTM briefings HQ gets in hallway conversations.,"MQLs from the last campaign were mostly students and consultants, not buyers."
DT-2026Q2-0090,DemoTech,DT-10090,Enterprise AE,Individual Contributor,Enterprise,Remote — Canada,2–5 years,37,2025-04-10,3,2,4,3,5,3,4,3,4,4,2,3,4,5,4,3,2,5,4,3,3,2,2,3,4,4,4,3,4,2,2,3,3,3,4,4,4,3,4,3,3,4,3,4,Inbound volume dropped after we changed the website — outbound isn't picking up the slack.,Standardize SDR-to-AE handoff notes with required fields in Salesforce.,Legal review on enterprise deals takes 2–3 weeks and champions go dark.
DT-2026Q2-0091,DemoTech,DT-10091,Solutions Consultant,Individual Contributor,Mid-Market,Remote — US West,6–12 months,12,2025-04-25,3,4,4,3,2,3,5,2,2,4,2,2,3,2,4,2,2,3,3,3,4,4,4,2,3,4,4,3,2,4,3,3,2,4,3,3,4,4,4,3,4,3,3,3,"MQLs from the last campaign were mostly students and consultants, not buyers.",Build demo environment stability into our own dogfooding SLA.,
DT-2026Q2-0092,DemoTech,DT-10092,Strategic AE,Individual Contributor,Strategic,"Austin, TX",1–2 years,18,2025-05-01,4,5,4,3,3,4,4,2,4,3,4,4,3,4,3,3,4,2,4,3,2,4,4,3,3,3,4,3,3,2,3,5,2,4,4,4,4,5,4,5,4,3,5,4,Security questionnaire responses are copy-paste from last year and buyers catch it.,Give remote reps the same GTM briefings HQ gets in hallway conversations.,Marketing promises 'demo transformation in 30 days' and buyers expect magic on call one.
DT-2026Q2-0093,DemoTech,DT-10093,Enterprise AE,Individual Contributor,Enterprise,"San Francisco, CA (HQ)",6–12 months,11,2025-05-20,2,2,4,4,4,4,4,4,3,3,3,4,5,5,4,4,2,2,2,3,5,3,3,4,4,3,5,2,3,1,3,4,5,5,3,4,4,4,5,4,5,4,5,4,Deal desk gives different pricing guidance depending on who is on shift.,"Tighten MQL criteria — fewer leads, higher quality.",We need ROI calculators for mid-market CFOs — I build them in Google Sheets weekly.
DT-2026Q2-0094,DemoTech,DT-10094,Commercial AE,Individual Contributor,Commercial,Remote — Canada,5+ years,83,2025-04-20,2,3,3,3,4,5,3,1,4,4,3,3,4,2,4,3,3,4,3,3,3,4,3,3,3,4,5,3,2,4,3,3,4,4,3,5,5,3,3,3,2,3,3,3,We have six different definitions of 'qualified' depending on who you ask.,Standardize SDR-to-AE handoff notes with required fields in Salesforce.,
DT-2026Q2-0095,DemoTech,DT-10095,Commercial AE,Individual Contributor,Commercial,"Toronto, Canada",2–5 years,26,2025-04-19,3,2,4,3,4,4,5,5,3,3,3,3,2,3,4,2,3,4,2,4,4,4,4,4,4,4,4,2,4,3,4,4,3,4,5,3,2,4,5,5,5,3,4,3,Product marketing launches features before sales knows how to position them.,"Tighten MQL criteria — fewer leads, higher quality.",
DT-2026Q2-0096,DemoTech,DT-10096,Mid-Market AE,Individual Contributor,Mid-Market,"San Francisco, CA (HQ)",1–2 years,13,2025-04-11,3,4,2,3,3,5,4,5,4,4,3,4,3,4,4,4,4,3,3,3,3,4,4,5,4,4,5,4,3,4,4,4,3,3,4,4,4,5,2,3,3,3,3,5,Stage definitions change every quarter and my manager interprets them differently than RevOps.,Give remote reps the same GTM briefings HQ gets in hallway conversations.,Stage definitions change every quarter and my manager interprets them differently than RevOps.
DT-2026Q2-0097,DemoTech,DT-10097,Sales Manager,Front-line Manager,Enterprise,Remote — US East,0–6 months,3,2025-05-16,3,4,4,2,4,3,3,2,4,2,3,3,2,3,2,3,3,1,3,3,3,1,2,4,3,2,2,3,1,1,3,3,2,4,2,2,2,4,2,3,3,3,4,3,Security questionnaire responses are copy-paste from last year and buyers catch it.,Run monthly live objection labs instead of async enablement modules.,My patch is geographically huge for an Enterprise rep — travel eats selling time.
DT-2026Q2-0098,DemoTech,DT-10098,BDR,Individual Contributor,Mid-Market,Remote — US West,0–6 months,1,2025-05-11,2,3,4,4,4,2,4,3,4,4,2,3,2,3,3,2,1,2,2,4,1,4,2,3,5,3,3,3,2,3,2,3,2,1,2,4,3,3,3,2,3,4,2,4,Product marketing launches features before sales knows how to position them.,Publish a single source of truth for stage definitions and enforce it in Gong.,"Remote reps feel last to know when GTM strategy shifts — HQ decides, field executes."
DT-2026Q2-0099,DemoTech,DT-10099,Regional Sales Director,Director+,Strategic,Remote — US West,6–12 months,12,2025-04-05,4,3,4,5,2,2,4,4,4,2,4,2,4,3,2,3,3,2,3,4,4,3,3,2,3,5,3,3,4,3,2,4,3,3,3,2,4,2,3,4,2,4,3,5,Marketing promises 'demo transformation in 30 days' and buyers expect magic on call one.,Simplify the comp plan to one page with worked examples.,
DT-2026Q2-0100,DemoTech,DT-10100,Commercial AE,Individual Contributor,Commercial,"San Francisco, CA (HQ)",5+ years,95,2025-04-16,2,4,3,3,2,5,4,4,4,3,3,5,4,5,3,3,3,3,3,3,3,4,5,4,4,5,4,4,3,2,4,3,3,3,4,5,4,4,3,4,5,4,2,3,We have six different definitions of 'qualified' depending on who you ask.,"Tighten MQL criteria — fewer leads, higher quality.",Product marketing launches features before sales knows how to position them.
DT-2026Q2-0101,DemoTech,DT-10101,Sales Manager,Front-line Manager,Commercial,"Denver, CO",2–5 years,47,2025-04-21,4,5,5,4,3,4,5,3,4,5,3,4,3,3,3,5,3,4,1,3,4,4,3,5,3,3,4,4,3,3,2,3,3,3,3,2,2,4,4,4,4,4,5,4,Security questionnaire responses are copy-paste from last year and buyers catch it.,Run monthly live objection labs instead of async enablement modules.,All-hands celebrates product velocity; sellers are drowning in half-baked releases.
DT-2026Q2-0102,DemoTech,DT-10102,Commercial AE,Individual Contributor,Commercial,"San Francisco, CA (HQ)",0–6 months,1,2025-04-20,2,2,4,3,3,3,4,3,3,2,1,2,4,2,3,4,4,2,4,3,1,4,3,3,4,4,4,2,3,3,3,3,2,4,4,3,4,4,4,5,4,5,5,3,Our demo platform is genuinely best-in-class — buyers feel it on the first call.,Staff one more SE per Enterprise pod for competitive bake-offs.,The Commercial team culture is strong — people share what works on Slack.
DT-2026Q2-0103,DemoTech,DT-10103,Sales Manager,Front-line Manager,Commercial,Remote — US East,6–12 months,12,2025-04-02,3,3,3,1,2,3,5,3,2,4,3,2,3,3,5,2,2,3,4,3,3,2,2,2,4,4,4,3,1,3,2,3,4,3,4,4,4,3,3,4,2,3,4,4,SE coverage is thin — I wait three days for a technical win on competitive deals.,Give remote reps the same GTM briefings HQ gets in hallway conversations.,Forecasting feels like a political exercise instead of an honest pipeline review.
DT-2026Q2-0104,DemoTech,DT-10104,Mid-Market AE,Individual Contributor,Mid-Market,Remote — US East,5+ years,62,2025-04-11,5,4,4,4,4,3,3,4,4,3,2,2,4,3,3,2,3,3,3,3,3,3,3,5,3,4,2,2,4,4,3,3,4,3,4,1,3,3,5,3,5,5,4,2,We need ROI calculators for mid-market CFOs — I build them in Google Sheets weekly.,Staff one more SE per Enterprise pod for competitive bake-offs.,Competitive battlecards are three months stale the moment a competitor ships something.
DT-2026Q2-0105,DemoTech,DT-10105,Sales Manager,Front-line Manager,Commercial,"Toronto, Canada",2–5 years,53,2025-04-19,4,4,4,3,4,4,4,4,4,4,3,2,2,4,4,2,4,5,2,3,5,3,4,4,2,4,3,2,3,3,3,4,3,4,3,5,3,4,4,3,4,5,4,3,Security questionnaire responses are copy-paste from last year and buyers catch it.,Give remote reps the same GTM briefings HQ gets in hallway conversations.,Onboarding was strong on product but weak on enterprise procurement cycles.
DT-2026Q2-0106,DemoTech,DT-10106,SDR,Individual Contributor,Commercial,"Toronto, Canada",6–12 months,10,2025-05-11,2,2,3,4,4,4,4,4,3,4,3,4,3,3,3,1,3,4,3,4,3,3,3,3,3,3,3,3,3,3,2,4,4,4,3,4,5,4,3,4,3,4,4,3,"MQLs from the last campaign were mostly students and consultants, not buyers.",Build demo environment stability into our own dogfooding SLA.,
DT-2026Q2-0107,DemoTech,DT-10107,Enterprise AE,Individual Contributor,Enterprise,Remote — EMEA,5+ years,66,2025-05-28,2,3,4,4,3,4,3,5,4,5,4,5,5,3,4,3,5,4,3,2,2,4,4,2,4,4,5,3,2,2,3,4,4,5,5,4,4,4,2,3,4,4,4,5,Deal desk gives different pricing guidance depending on who is on shift.,Give remote reps the same GTM briefings HQ gets in hallway conversations.,
DT-2026Q2-0108,DemoTech,DT-10108,SDR,Individual Contributor,Commercial,"New York, NY",1–2 years,24,2025-05-17,5,4,3,5,2,4,4,4,5,3,5,4,3,2,4,4,3,3,4,4,4,4,4,5,4,4,2,3,1,2,4,5,4,4,3,5,4,4,3,5,3,4,3,3,Deal desk gives different pricing guidance depending on who is on shift.,Give remote reps the same GTM briefings HQ gets in hallway conversations.,Marketing promises 'demo transformation in 30 days' and buyers expect magic on call one.
DT-2026Q2-0109,DemoTech,DT-10109,BDR,Individual Contributor,Mid-Market,Remote — US East,0–6 months,4,2025-04-10,3,3,3,3,3,4,4,5,4,3,2,1,2,3,3,2,3,3,3,1,2,2,1,3,3,2,3,2,2,2,1,2,2,4,3,4,3,5,3,4,4,3,4,4,Inbound volume dropped after we changed the website — outbound isn't picking up the slack.,Publish a single source of truth for stage definitions and enforce it in Gong.,Legal review on enterprise deals takes 2–3 weeks and champions go dark.
DT-2026Q2-0110,DemoTech,DT-10110,SDR,Individual Contributor,Commercial,"Toronto, Canada",2–5 years,53,2025-05-12,4,5,4,4,3,5,4,4,3,5,3,4,4,4,4,3,3,1,3,4,3,3,5,3,3,4,2,3,2,4,3,2,4,4,3,5,4,3,4,4,3,3,4,5,Marketing promises 'demo transformation in 30 days' and buyers expect magic on call one.,Staff one more SE per Enterprise pod for competitive bake-offs.,Comp plan deck was 40 slides; I still don't know how renewals affect my number.
DT-2026Q2-0111,DemoTech,DT-10111,Enterprise AE,Individual Contributor,Enterprise,"New York, NY",5+ years,86,2025-04-16,3,5,5,3,3,4,5,3,4,4,2,5,4,3,3,2,5,3,3,5,4,3,4,4,3,4,4,4,4,1,5,4,4,3,2,5,3,4,3,2,4,5,3,5,The Commercial team culture is strong — people share what works on Slack.,Build demo environment stability into our own dogfooding SLA.,RevOps fixed forecasting dashboards this quarter and it saved me hours every week.
DT-2026Q2-0112,DemoTech,DT-10112,Commercial AE,Individual Contributor,Commercial,"San Francisco, CA (HQ)",6–12 months,9,2025-05-04,2,2,3,4,3,3,5,4,4,4,3,2,2,3,3,2,3,3,2,3,4,3,4,4,4,3,4,4,1,4,3,4,1,3,2,3,4,4,4,3,5,3,3,3,We need ROI calculators for mid-market CFOs — I build them in Google Sheets weekly.,Staff one more SE per Enterprise pod for competitive bake-offs.,All-hands celebrates product velocity; sellers are drowning in half-baked releases.
DT-2026Q2-0113,DemoTech,DT-10113,Regional Sales Director,Director+,Enterprise,"Austin, TX",1–2 years,18,2025-05-14,3,5,4,4,4,4,5,3,4,3,2,3,4,3,3,3,4,2,3,4,2,5,4,3,4,3,4,3,3,2,3,3,4,4,4,4,3,2,5,4,4,4,5,5,Legal review on enterprise deals takes 2–3 weeks and champions go dark.,Give remote reps the same GTM briefings HQ gets in hallway conversations.,"I want more live role-play on CFO objections, not another recorded webinar."
DT-2026Q2-0114,DemoTech,DT-10114,SDR,Individual Contributor,Commercial,"London, UK",2–5 years,31,2025-04-20,4,5,4,4,5,5,5,3,4,4,2,4,4,5,5,4,4,3,4,4,4,3,4,4,4,5,4,2,2,3,4,4,3,4,4,4,5,5,4,4,5,5,4,3,The Commercial team culture is strong — people share what works on Slack.,Give remote reps the same GTM briefings HQ gets in hallway conversations.,The Commercial team culture is strong — people share what works on Slack.
DT-2026Q2-0115,DemoTech,DT-10115,Mid-Market AE,Individual Contributor,Mid-Market,"London, UK",2–5 years,53,2025-04-18,2,5,2,4,5,3,5,4,5,4,3,3,2,3,4,4,3,1,3,2,4,4,4,4,4,3,4,4,2,3,3,3,4,2,4,3,3,2,5,4,4,5,5,5,"MQLs from the last campaign were mostly students and consultants, not buyers.",Standardize SDR-to-AE handoff notes with required fields in Salesforce.,Onboarding was strong on product but weak on enterprise procurement cycles.
DT-2026Q2-0116,DemoTech,DT-10116,Regional Sales Director,Director+,Strategic,"San Francisco, CA (HQ)",5+ years,85,2025-05-05,3,5,4,2,3,4,4,4,3,4,2,3,3,4,4,1,4,3,2,4,3,4,4,5,4,2,4,4,3,4,3,3,3,4,3,3,3,4,4,4,3,4,3,3,Marketing promises 'demo transformation in 30 days' and buyers expect magic on call one.,Standardize SDR-to-AE handoff notes with required fields in Salesforce.,Competitive battlecards are three months stale the moment a competitor ships something.
DT-2026Q2-0117,DemoTech,DT-10117,Regional Sales Director,Director+,Strategic,Remote — Canada,0–6 months,6,2025-05-13,4,3,3,4,3,3,3,2,4,3,3,4,4,3,1,3,1,2,3,4,1,2,2,4,2,2,4,3,2,3,3,2,2,2,2,3,4,2,4,2,3,4,4,3,Product roadmap slides don't match what I hear in discovery calls.,Build demo environment stability into our own dogfooding SLA.,We need ROI calculators for mid-market CFOs — I build them in Google Sheets weekly.
DT-2026Q2-0118,DemoTech,DT-10118,Commercial AE,Individual Contributor,Commercial,Remote — Canada,5+ years,91,2025-05-07,3,4,4,3,3,5,4,5,4,5,3,2,4,3,3,3,2,3,4,1,3,4,4,2,5,2,4,3,3,4,3,5,4,2,2,4,4,3,4,3,3,5,3,3,Competitive battlecards are three months stale the moment a competitor ships something.,Refresh ROI and CFO content for mid-market — stop making AEs rebuild decks.,We need ROI calculators for mid-market CFOs — I build them in Google Sheets weekly.
DT-2026Q2-0119,DemoTech,DT-10119,Mid-Market AE,Individual Contributor,Mid-Market,Remote — EMEA,5+ years,88,2025-04-07,4,4,3,5,3,3,5,2,4,4,4,3,2,2,4,3,2,4,5,4,3,3,4,4,4,3,5,1,4,3,3,3,4,4,3,4,2,4,4,4,4,4,4,3,Legal review on enterprise deals takes 2–3 weeks and champions go dark.,Give remote reps the same GTM briefings HQ gets in hallway conversations.,Onboarding was strong on product but weak on enterprise procurement cycles.
DT-2026Q2-0120,DemoTech,DT-10120,Commercial AE,Individual Contributor,Commercial,Remote — US West,1–2 years,16,2025-05-26,4,3,3,2,5,4,3,3,3,2,3,2,3,4,3,5,2,4,4,4,4,3,4,3,4,3,5,4,3,3,4,2,2,2,3,3,5,4,4,2,3,4,4,2,Product roadmap slides don't match what I hear in discovery calls.,Publish a single source of truth for stage definitions and enforce it in Gong.,
DT-2026Q2-0121,DemoTech,DT-10121,Mid-Market AE,Individual Contributor,Mid-Market,"Toronto, Canada",1–2 years,24,2025-05-15,3,2,3,3,3,4,5,4,4,5,4,4,3,2,3,3,3,3,4,3,4,3,4,5,3,4,4,4,3,4,4,3,4,4,2,3,4,4,3,4,4,4,3,3,The Commercial team culture is strong — people share what works on Slack.,Publish a single source of truth for stage definitions and enforce it in Gong.,
DT-2026Q2-0122,DemoTech,DT-10122,SDR,Individual Contributor,Commercial,Remote — EMEA,1–2 years,20,2025-05-04,3,4,5,3,3,5,3,4,4,4,4,2,3,4,3,3,4,3,2,3,2,2,4,4,5,2,3,3,2,3,3,3,3,3,4,3,3,4,3,2,3,3,5,4,My patch is geographically huge for an Enterprise rep — travel eats selling time.,Run monthly live objection labs instead of async enablement modules.,Legal review on enterprise deals takes 2–3 weeks and champions go dark.
DT-2026Q2-0123,DemoTech,DT-10123,Enterprise AE,Individual Contributor,Enterprise,"London, UK",6–12 months,10,2025-05-15,4,4,3,3,4,4,5,5,5,3,4,3,4,3,3,2,2,5,2,5,3,3,4,3,4,3,4,3,3,3,2,3,5,3,4,4,3,3,2,4,4,4,5,5,"MQLs from the last campaign were mostly students and consultants, not buyers.",Simplify the comp plan to one page with worked examples.,
DT-2026Q2-0124,DemoTech,DT-10124,Enterprise AE,Individual Contributor,Enterprise,Remote — Canada,6–12 months,7,2025-04-14,4,3,3,3,3,4,4,3,2,5,4,4,4,3,3,2,2,2,2,2,4,3,1,4,5,3,3,2,3,1,2,5,3,2,3,3,3,4,3,2,4,4,2,4,"MQLs from the last campaign were mostly students and consultants, not buyers.",Staff one more SE per Enterprise pod for competitive bake-offs.,Security questionnaire responses are copy-paste from last year and buyers catch it.
DT-2026Q2-0125,DemoTech,DT-10125,Sales Manager,Front-line Manager,Mid-Market,Remote — Canada,0–6 months,6,2025-04-27,3,3,2,3,3,4,4,4,3,4,3,3,1,3,2,2,2,1,1,3,4,3,4,4,2,5,3,2,3,3,2,3,4,2,2,3,2,3,3,2,2,3,5,3,"MQLs from the last campaign were mostly students and consultants, not buyers.","Tighten MQL criteria — fewer leads, higher quality.",Enablement content is built for Commercial but I'm Enterprise — I adapt everything.
DT-2026Q2-0126,DemoTech,DT-10126,Sales Engineer,Individual Contributor,Enterprise,"London, UK",1–2 years,24,2025-05-25,3,3,3,5,4,4,5,5,3,3,4,4,4,4,4,4,3,2,4,3,2,4,4,4,3,3,3,3,3,3,3,4,5,3,4,5,3,3,3,3,4,5,3,4,"My manager runs tight pipeline reviews with real coaching, not just inspection.",Publish a single source of truth for stage definitions and enforce it in Gong.,
DT-2026Q2-0127,DemoTech,DT-10127,Mid-Market AE,Individual Contributor,Mid-Market,Remote — US East,1–2 years,20,2025-04-07,3,5,3,4,5,5,3,4,3,4,3,1,4,3,2,3,5,2,3,3,3,3,2,3,3,5,4,3,2,2,2,4,4,4,2,4,2,3,3,2,4,3,2,4,Security questionnaire responses are copy-paste from last year and buyers catch it.,"Tighten MQL criteria — fewer leads, higher quality.",
DT-2026Q2-0128,DemoTech,DT-10128,Enterprise AE,Individual Contributor,Enterprise,"Toronto, Canada",2–5 years,35,2025-04-10,4,3,3,4,4,5,5,2,3,4,1,3,3,4,3,3,4,3,4,3,4,4,3,3,5,4,4,1,1,2,4,2,3,3,5,4,4,2,4,2,4,3,4,4,Legal review on enterprise deals takes 2–3 weeks and champions go dark.,Publish a single source of truth for stage definitions and enforce it in Gong.,Competitive battlecards are three months stale the moment a competitor ships something.
DT-2026Q2-0129,DemoTech,DT-10129,Sales Engineer,Individual Contributor,Enterprise,"Austin, TX",2–5 years,53,2025-05-24,4,3,3,5,4,4,5,4,5,4,3,4,4,4,3,2,3,3,3,3,4,3,2,5,5,3,3,3,4,2,3,2,3,4,3,4,4,3,4,4,4,4,2,3,We need ROI calculators for mid-market CFOs — I build them in Google Sheets weekly.,"Tighten MQL criteria — fewer leads, higher quality.",Partner referrals arrive with no context and unrealistic close timelines.
DT-2026Q2-0130,DemoTech,DT-10130,Strategic AE,Individual Contributor,Strategic,"Toronto, Canada",5+ years,61,2025-05-17,3,3,3,4,5,3,4,3,3,5,3,2,4,3,3,3,3,2,2,3,4,4,3,5,4,4,5,3,3,5,3,4,2,4,4,3,3,4,4,2,3,5,5,4,"MQLs from the last campaign were mostly students and consultants, not buyers.",Run monthly live objection labs instead of async enablement modules.,Competitive battlecards are three months stale the moment a competitor ships something.
DT-2026Q2-0131,DemoTech,DT-10131,Strategic AE,Individual Contributor,Strategic,Remote — EMEA,2–5 years,31,2025-05-17,2,3,3,4,3,2,4,4,5,3,3,4,2,3,3,3,3,4,2,4,4,3,5,3,4,4,3,3,3,1,3,4,2,4,4,3,5,3,3,4,3,4,4,4,Deal desk gives different pricing guidance depending on who is on shift.,Cap legal review SLA at 5 business days for deals under $150K ARR.,SDR-to-AE handoffs lose context — I re-discover pain points on the first call every time.
DT-2026Q2-0132,DemoTech,DT-10132,BDR,Individual Contributor,Mid-Market,Remote — Canada,1–2 years,17,2025-05-07,4,5,4,3,4,4,3,4,3,4,2,4,4,3,4,4,3,2,4,4,4,4,2,3,4,3,5,3,2,3,3,4,4,3,3,3,3,2,5,5,2,4,4,3,Legal review on enterprise deals takes 2–3 weeks and champions go dark.,Staff one more SE per Enterprise pod for competitive bake-offs.,
DT-2026Q2-0133,DemoTech,DT-10133,Mid-Market AE,Individual Contributor,Mid-Market,"San Francisco, CA (HQ)",6–12 months,8,2025-04-27,3,2,2,4,3,3,5,4,5,4,2,4,3,4,4,3,3,4,3,4,3,4,4,5,4,4,4,3,3,4,3,4,4,3,4,5,3,3,4,3,4,4,3,4,We have six different definitions of 'qualified' depending on who you ask.,Refresh ROI and CFO content for mid-market — stop making AEs rebuild decks.,
DT-2026Q2-0134,DemoTech,DT-10134,SDR,Individual Contributor,Commercial,Remote — EMEA,5+ years,104,2025-04-08,4,2,4,4,2,4,3,4,4,5,4,4,5,3,3,3,4,1,2,2,3,3,4,3,4,5,5,3,3,5,3,4,3,3,4,4,4,2,5,4,4,5,4,2,We need ROI calculators for mid-market CFOs — I build them in Google Sheets weekly.,Give remote reps the same GTM briefings HQ gets in hallway conversations.,Partner referrals arrive with no context and unrealistic close timelines.
DT-2026Q2-0135,DemoTech,DT-10135,Commercial AE,Individual Contributor,Commercial,Remote — US East,5+ years,82,2025-04-23,5,5,3,3,4,4,3,3,3,4,5,4,3,2,5,2,3,3,4,3,3,3,4,2,4,4,3,3,4,3,3,2,3,3,4,2,4,3,5,3,5,4,3,2,RevOps fixed forecasting dashboards this quarter and it saved me hours every week.,Staff one more SE per Enterprise pod for competitive bake-offs.,
DT-2026Q2-0136,DemoTech,DT-10136,Enterprise AE,Individual Contributor,Enterprise,Remote — US East,6–12 months,8,2025-04-03,2,3,5,5,4,2,4,3,4,3,4,3,2,2,3,3,2,3,2,2,2,5,3,4,2,3,3,2,2,2,3,3,3,4,2,5,4,1,3,5,5,3,3,4,Our demo platform is genuinely best-in-class — buyers feel it on the first call.,Standardize SDR-to-AE handoff notes with required fields in Salesforce.,Our demo platform is genuinely best-in-class — buyers feel it on the first call.
DT-2026Q2-0137,DemoTech,DT-10137,Enterprise AE,Individual Contributor,Enterprise,"Toronto, Canada",5+ years,76,2025-04-16,4,4,4,4,4,2,5,3,4,3,3,3,4,4,3,5,4,3,4,3,3,5,5,4,3,4,4,3,3,2,2,3,4,4,4,2,3,3,5,3,3,5,4,4,Legal review on enterprise deals takes 2–3 weeks and champions go dark.,Build demo environment stability into our own dogfooding SLA.,
DT-2026Q2-0138,DemoTech,DT-10138,BDR,Individual Contributor,Mid-Market,Remote — Canada,0–6 months,5,2025-05-12,2,4,2,3,3,3,3,4,5,3,2,5,3,2,3,3,3,3,2,2,3,3,3,2,3,3,4,4,3,2,2,2,4,3,2,4,4,3,3,3,2,4,4,3,"My manager runs tight pipeline reviews with real coaching, not just inspection.",Refresh ROI and CFO content for mid-market — stop making AEs rebuild decks.,"My manager runs tight pipeline reviews with real coaching, not just inspection."
DT-2026Q2-0139,DemoTech,DT-10139,Commercial AE,Individual Contributor,Commercial,"Toronto, Canada",5+ years,85,2025-04-13,5,5,3,4,4,4,4,5,3,3,4,4,4,4,5,2,3,4,3,4,5,2,5,4,3,5,5,4,3,4,4,2,5,3,5,4,4,3,5,5,4,4,3,4,"MQLs from the last campaign were mostly students and consultants, not buyers.",Standardize SDR-to-AE handoff notes with required fields in Salesforce.,
DT-2026Q2-0140,DemoTech,DT-10140,Enterprise AE,Individual Contributor,Enterprise,Remote — EMEA,6–12 months,8,2025-05-08,5,4,4,2,5,3,4,4,2,4,4,4,3,2,2,3,2,3,2,4,3,2,3,4,4,3,4,2,3,4,2,4,4,2,4,3,3,3,4,4,3,5,2,4,Product marketing launches features before sales knows how to position them.,"Tighten MQL criteria — fewer leads, higher quality.",Security questionnaire responses are copy-paste from last year and buyers catch it.
DT-2026Q2-0141,DemoTech,DT-10141,Commercial AE,Individual Contributor,Commercial,Remote — US West,0–6 months,4,2025-04-09,3,2,4,4,2,3,4,1,4,4,4,3,3,4,2,4,2,2,2,1,4,3,3,1,4,3,4,1,2,3,1,2,2,3,3,3,3,3,3,2,2,4,3,2,Legal review on enterprise deals takes 2–3 weeks and champions go dark.,Run monthly live objection labs instead of async enablement modules.,
DT-2026Q2-0142,DemoTech,DT-10142,Mid-Market AE,Individual Contributor,Mid-Market,Remote — US West,6–12 months,10,2025-04-12,4,5,3,5,2,4,4,4,2,4,3,2,3,4,3,3,4,5,4,3,4,1,2,3,2,5,4,3,2,3,4,3,3,4,3,3,4,2,4,3,4,3,4,4,My patch is geographically huge for an Enterprise rep — travel eats selling time.,Standardize SDR-to-AE handoff notes with required fields in Salesforce.,Onboarding was strong on product but weak on enterprise procurement cycles.
DT-2026Q2-0143,DemoTech,DT-10143,BDR,Individual Contributor,Mid-Market,Remote — US West,1–2 years,14,2025-04-18,2,4,2,5,4,5,3,5,3,3,3,3,4,5,3,3,4,3,4,2,3,4,2,3,3,4,5,4,4,3,4,2,2,4,4,3,4,4,3,4,3,3,5,4,"My manager runs tight pipeline reviews with real coaching, not just inspection.",Cap legal review SLA at 5 business days for deals under $150K ARR.,
DT-2026Q2-0144,DemoTech,DT-10144,Mid-Market AE,Individual Contributor,Mid-Market,"New York, NY",2–5 years,38,2025-05-14,5,4,4,4,5,5,4,5,4,5,3,4,3,2,3,4,4,3,4,4,4,3,4,3,5,4,4,5,4,4,4,3,4,4,3,5,3,4,4,3,4,5,4,4,Competitive battlecards are three months stale the moment a competitor ships something.,Give remote reps the same GTM briefings HQ gets in hallway conversations.,
DT-2026Q2-0145,DemoTech,DT-10145,Regional Sales Director,Director+,Mid-Market,"New York, NY",1–2 years,17,2025-05-02,3,3,3,4,4,5,4,4,4,4,4,2,5,4,5,4,3,2,4,4,4,3,3,3,5,3,3,3,4,4,4,4,4,4,4,5,3,5,5,4,3,5,1,4,"MQLs from the last campaign were mostly students and consultants, not buyers.",Cap legal review SLA at 5 business days for deals under $150K ARR.,
DT-2026Q2-0146,DemoTech,DT-10146,Enterprise AE,Individual Contributor,Enterprise,Remote — US West,2–5 years,33,2025-05-06,2,2,3,5,3,4,3,3,3,5,4,5,4,3,2,2,3,4,3,2,4,4,3,4,4,4,5,2,4,2,2,4,3,2,1,3,3,3,5,4,3,5,2,3,SE coverage is thin — I wait three days for a technical win on competitive deals.,Refresh ROI and CFO content for mid-market — stop making AEs rebuild decks.,"Remote reps feel last to know when GTM strategy shifts — HQ decides, field executes."
DT-2026Q2-0147,DemoTech,DT-10147,Mid-Market AE,Individual Contributor,Mid-Market,"Austin, TX",1–2 years,13,2025-04-28,2,4,5,4,4,4,5,5,4,3,3,4,3,4,4,4,3,3,1,2,4,5,1,4,3,4,3,3,2,3,4,5,2,4,3,4,4,3,3,4,4,5,4,4,Product marketing launches features before sales knows how to position them.,Staff one more SE per Enterprise pod for competitive bake-offs.,My patch is geographically huge for an Enterprise rep — travel eats selling time.
DT-2026Q2-0148,DemoTech,DT-10148,BDR,Individual Contributor,Mid-Market,"Denver, CO",0–6 months,5,2025-05-16,3,4,2,4,3,4,4,4,5,2,5,5,4,4,5,3,3,2,3,2,3,3,2,4,3,4,4,2,3,3,3,3,2,2,4,4,2,3,4,4,5,5,2,4,Territory carve-up left me with a lot of long-dormant accounts and no warm inbound.,Simplify the comp plan to one page with worked examples.,
DT-2026Q2-0149,DemoTech,DT-10149,Sales Engineer,Individual Contributor,Enterprise,"Austin, TX",5+ years,77,2025-05-17,5,3,3,4,2,5,4,4,3,3,3,4,4,2,3,4,5,3,4,4,3,3,3,3,4,5,4,2,4,5,1,4,4,4,4,5,4,5,3,4,3,3,4,4,Deal desk gives different pricing guidance depending on who is on shift.,Staff one more SE per Enterprise pod for competitive bake-offs.,Competitive battlecards are three months stale the moment a competitor ships something.
DT-2026Q2-0150,DemoTech,DT-10150,Mid-Market AE,Individual Contributor,Mid-Market,"New York, NY",0–6 months,3,2025-04-22,1,2,4,4,4,4,5,3,4,3,3,4,2,4,5,3,4,2,3,3,3,4,4,4,3,2,4,2,1,2,3,4,4,2,2,2,2,3,4,5,5,3,4,3,The Commercial team culture is strong — people share what works on Slack.,Give remote reps the same GTM briefings HQ gets in hallway conversations.,RevOps fixed forecasting dashboards this quarter and it saved me hours every week.
DT-2026Q2-0151,DemoTech,DT-10151,Mid-Market AE,Individual Contributor,Mid-Market,Remote — Canada,2–5 years,47,2025-05-16,5,3,5,3,3,4,5,5,2,3,3,3,4,3,3,2,3,3,3,3,3,3,4,5,3,3,2,4,4,5,4,3,4,4,2,4,4,4,2,3,5,5,5,2,Marketing promises 'demo transformation in 30 days' and buyers expect magic on call one.,Run monthly live objection labs instead of async enablement modules.,Enablement content is built for Commercial but I'm Enterprise — I adapt everything.
DT-2026Q2-0152,DemoTech,DT-10152,Enterprise AE,Individual Contributor,Enterprise,Remote — EMEA,5+ years,88,2025-04-08,3,4,4,4,3,3,5,3,4,4,2,4,3,4,4,4,2,4,4,1,4,4,3,3,5,4,3,4,2,3,2,3,3,5,4,2,4,4,2,4,3,5,2,3,Deal desk gives different pricing guidance depending on who is on shift.,"Tighten MQL criteria — fewer leads, higher quality.",Partner referrals arrive with no context and unrealistic close timelines.
DT-2026Q2-0153,DemoTech,DT-10153,BDR,Individual Contributor,Mid-Market,"Denver, CO",5+ years,120,2025-04-23,4,2,4,2,4,3,5,2,4,4,3,4,3,4,3,4,3,3,4,3,3,3,3,5,4,4,4,3,3,2,2,4,4,3,4,3,3,3,4,3,4,3,2,5,SE coverage is thin — I wait three days for a technical win on competitive deals.,Standardize SDR-to-AE handoff notes with required fields in Salesforce.,My patch is geographically huge for an Enterprise rep — travel eats selling time.
DT-2026Q2-0154,DemoTech,DT-10154,BDR,Individual Contributor,Mid-Market,"San Francisco, CA (HQ)",0–6 months,5,2025-05-19,3,3,3,3,4,4,4,5,4,5,4,1,3,3,2,3,2,4,3,3,3,3,2,2,4,5,4,3,3,2,2,3,5,3,3,4,3,4,4,3,2,5,2,4,Security questionnaire responses are copy-paste from last year and buyers catch it.,Staff one more SE per Enterprise pod for competitive bake-offs.,Onboarding was strong on product but weak on enterprise procurement cycles.
DT-2026Q2-0155,DemoTech,DT-10155,Sales Manager,Front-line Manager,Commercial,"New York, NY",6–12 months,11,2025-04-01,2,3,4,4,4,4,3,3,5,4,3,3,3,3,3,3,2,5,2,3,3,3,2,3,1,3,3,4,3,3,3,3,4,4,4,2,3,3,3,4,3,4,4,4,Comp plan deck was 40 slides; I still don't know how renewals affect my number.,Give remote reps the same GTM briefings HQ gets in hallway conversations.,Partner referrals arrive with no context and unrealistic close timelines.
DT-2026Q2-0156,DemoTech,DT-10156,Enterprise AE,Individual Contributor,Enterprise,"Austin, TX",2–5 years,29,2025-05-21,4,3,3,5,4,3,4,4,5,4,5,4,4,4,4,4,4,4,3,4,3,5,4,4,2,5,4,3,3,3,3,3,4,3,2,4,4,3,2,3,5,5,3,4,Security questionnaire responses are copy-paste from last year and buyers catch it.,Give remote reps the same GTM briefings HQ gets in hallway conversations.,All-hands celebrates product velocity; sellers are drowning in half-baked releases.
DT-2026Q2-0157,DemoTech,DT-10157,SDR,Individual Contributor,Commercial,Remote — EMEA,2–5 years,33,2025-04-13,3,3,5,3,2,5,4,3,3,4,3,4,3,5,2,3,4,3,3,3,3,4,4,3,4,4,5,4,4,3,4,3,5,4,3,2,4,4,3,2,3,4,4,4,Stage definitions change every quarter and my manager interprets them differently than RevOps.,"Tighten MQL criteria — fewer leads, higher quality.",
DT-2026Q2-0158,DemoTech,DT-10158,Sales Manager,Front-line Manager,Commercial,Remote — EMEA,2–5 years,27,2025-05-06,3,2,3,3,5,5,2,4,3,4,3,4,4,3,2,3,4,4,3,4,3,2,3,4,5,3,4,3,2,3,2,3,3,3,3,4,4,3,3,4,3,4,3,4,RevOps fixed forecasting dashboards this quarter and it saved me hours every week.,Standardize SDR-to-AE handoff notes with required fields in Salesforce.,The Commercial team culture is strong — people share what works on Slack.
DT-2026Q2-0159,DemoTech,DT-10159,Commercial AE,Individual Contributor,Commercial,Remote — US West,1–2 years,18,2025-05-06,3,3,5,3,3,4,4,4,5,3,4,4,4,4,3,3,2,1,5,3,4,4,2,4,4,5,4,2,3,2,3,3,5,3,4,4,5,4,5,4,2,4,4,4,Legal review on enterprise deals takes 2–3 weeks and champions go dark.,"Tighten MQL criteria — fewer leads, higher quality.","MQLs from the last campaign were mostly students and consultants, not buyers."
DT-2026Q2-0160,DemoTech,DT-10160,Sales Manager,Front-line Manager,Commercial,"Denver, CO",6–12 months,7,2025-05-23,4,5,4,5,4,3,4,4,5,4,3,3,4,4,5,3,2,4,3,3,3,4,3,3,3,4,2,3,3,4,3,4,3,4,4,4,5,4,4,5,4,4,4,5,We need ROI calculators for mid-market CFOs — I build them in Google Sheets weekly.,Staff one more SE per Enterprise pod for competitive bake-offs.,SPIFF rules changed mid-quarter and nobody could explain the clawback logic.
DT-2026Q2-0161,DemoTech,DT-10161,Enterprise AE,Individual Contributor,Enterprise,"Austin, TX",1–2 years,24,2025-05-24,4,3,3,5,4,5,5,4,4,4,2,3,3,3,3,1,4,4,2,5,4,3,3,3,4,5,4,4,4,1,4,3,2,4,4,3,2,5,3,4,3,3,4,4,"MQLs from the last campaign were mostly students and consultants, not buyers.","Tighten MQL criteria — fewer leads, higher quality.",Onboarding was strong on product but weak on enterprise procurement cycles.
DT-2026Q2-0162,DemoTech,DT-10162,BDR,Individual Contributor,Mid-Market,Remote — EMEA,1–2 years,19,2025-05-20,3,4,4,4,3,2,4,3,3,3,3,4,3,2,3,3,3,3,4,4,4,3,3,2,4,5,3,3,2,4,3,4,3,2,3,3,3,3,5,4,4,3,4,3,CRM fields are a graveyard — half the required data doesn't help me sell.,"Tighten MQL criteria — fewer leads, higher quality.",
DT-2026Q2-0163,DemoTech,DT-10163,Commercial AE,Individual Contributor,Commercial,Remote — Canada,2–5 years,53,2025-04-11,3,5,4,2,4,4,4,3,4,4,4,4,4,3,2,3,3,3,3,4,2,4,4,4,4,5,4,3,2,3,3,2,3,4,4,2,3,3,4,4,4,5,5,4,Legal review on enterprise deals takes 2–3 weeks and champions go dark.,Simplify the comp plan to one page with worked examples.,
DT-2026Q2-0164,DemoTech,DT-10164,Commercial AE,Individual Contributor,Commercial,"New York, NY",6–12 months,10,2025-05-27,4,4,4,4,3,3,5,5,4,4,2,3,5,5,4,3,4,4,3,5,2,4,3,3,4,4,5,4,2,4,4,5,5,3,3,3,2,3,3,3,3,3,4,3,RevOps fixed forecasting dashboards this quarter and it saved me hours every week.,Run monthly live objection labs instead of async enablement modules.,
DT-2026Q2-0165,DemoTech,DT-10165,Sales Manager,Front-line Manager,Enterprise,"New York, NY",2–5 years,34,2025-04-11,4,4,4,2,4,4,3,5,5,5,5,5,3,4,1,4,2,3,5,5,4,3,3,4,3,4,4,3,3,2,3,2,4,4,3,4,4,3,3,4,5,5,3,5,SE coverage is thin — I wait three days for a technical win on competitive deals.,Cap legal review SLA at 5 business days for deals under $150K ARR.,"Remote reps feel last to know when GTM strategy shifts — HQ decides, field executes."
DT-2026Q2-0166,DemoTech,DT-10166,Commercial AE,Individual Contributor,Commercial,"Denver, CO",0–6 months,2,2025-04-23,3,3,5,4,2,5,4,3,4,2,4,3,3,3,2,2,3,3,3,2,3,2,2,4,4,2,3,3,3,3,3,2,5,3,2,2,2,3,4,3,3,3,5,5,Inbound volume dropped after we changed the website — outbound isn't picking up the slack.,Refresh ROI and CFO content for mid-market — stop making AEs rebuild decks.,Marketing promises 'demo transformation in 30 days' and buyers expect magic on call one.
DT-2026Q2-0167,DemoTech,DT-10167,Commercial AE,Individual Contributor,Commercial,"Austin, TX",5+ years,96,2025-04-27,3,3,3,3,3,4,4,5,4,4,3,5,3,4,4,4,3,3,4,3,4,5,4,4,4,4,5,3,4,3,2,5,4,1,3,4,3,4,5,5,3,5,3,4,Stage definitions change every quarter and my manager interprets them differently than RevOps.,Build demo environment stability into our own dogfooding SLA.,
DT-2026Q2-0168,DemoTech,DT-10168,Mid-Market AE,Individual Contributor,Mid-Market,"San Francisco, CA (HQ)",6–12 months,8,2025-05-03,4,3,3,2,4,3,4,3,5,4,3,2,4,3,4,2,2,4,1,4,3,2,4,5,4,4,3,2,3,3,4,3,5,3,4,4,3,5,4,4,3,4,4,5,Product marketing launches features before sales knows how to position them.,Cap legal review SLA at 5 business days for deals under $150K ARR.,
DT-2026Q2-0169,DemoTech,DT-10169,Mid-Market AE,Individual Contributor,Mid-Market,"Austin, TX",5+ years,97,2025-05-02,3,4,3,4,3,3,3,4,4,4,3,4,5,2,5,4,5,4,3,2,4,4,3,5,4,3,5,2,3,4,2,3,4,4,5,5,3,4,3,4,3,5,4,5,RevOps fixed forecasting dashboards this quarter and it saved me hours every week.,Standardize SDR-to-AE handoff notes with required fields in Salesforce.,RevOps fixed forecasting dashboards this quarter and it saved me hours every week.
DT-2026Q2-0170,DemoTech,DT-10170,BDR,Individual Contributor,Mid-Market,"Denver, CO",1–2 years,13,2025-05-02,4,3,3,4,5,5,5,4,4,5,4,4,3,4,3,2,2,3,3,5,5,4,2,5,4,4,3,4,3,3,3,3,3,3,5,4,3,3,3,3,3,5,5,3,We need ROI calculators for mid-market CFOs — I build them in Google Sheets weekly.,Standardize SDR-to-AE handoff notes with required fields in Salesforce.,Security questionnaire responses are copy-paste from last year and buyers catch it.
DT-2026Q2-0171,DemoTech,DT-10171,Solutions Consultant,Individual Contributor,Mid-Market,Remote — US East,5+ years,68,2025-05-09,3,3,2,4,4,4,4,4,4,5,2,4,4,4,2,5,4,3,5,3,5,3,2,4,3,2,3,3,2,4,2,3,4,4,3,4,3,3,2,5,3,3,3,5,Legal review on enterprise deals takes 2–3 weeks and champions go dark.,Staff one more SE per Enterprise pod for competitive bake-offs.,
DT-2026Q2-0172,DemoTech,DT-10172,SDR,Individual Contributor,Commercial,"San Francisco, CA (HQ)",2–5 years,51,2025-04-16,4,3,3,3,2,4,4,3,4,5,3,4,5,2,3,5,2,4,2,2,2,4,3,3,4,5,3,5,4,3,5,4,4,4,4,2,2,4,4,4,3,4,3,4,My patch is geographically huge for an Enterprise rep — travel eats selling time.,Standardize SDR-to-AE handoff notes with required fields in Salesforce.,
DT-2026Q2-0173,DemoTech,DT-10173,Enterprise AE,Individual Contributor,Enterprise,"Austin, TX",5+ years,85,2025-04-13,5,3,3,4,4,3,3,3,5,3,4,5,4,3,4,4,3,2,5,4,4,3,2,5,4,4,3,2,3,5,2,5,4,5,4,2,3,3,5,3,3,3,4,4,Legal review on enterprise deals takes 2–3 weeks and champions go dark.,Publish a single source of truth for stage definitions and enforce it in Gong.,Inbound volume dropped after we changed the website — outbound isn't picking up the slack.
DT-2026Q2-0174,DemoTech,DT-10174,SDR,Individual Contributor,Commercial,Remote — US East,5+ years,119,2025-04-13,5,4,3,4,3,3,3,5,3,3,4,4,4,3,2,2,4,4,1,5,3,3,2,3,4,4,3,3,3,2,2,5,4,3,4,4,4,4,4,4,3,3,2,4,Security questionnaire responses are copy-paste from last year and buyers catch it.,Refresh ROI and CFO content for mid-market — stop making AEs rebuild decks.,"MQLs from the last campaign were mostly students and consultants, not buyers."
DT-2026Q2-0175,DemoTech,DT-10175,Strategic AE,Individual Contributor,Strategic,"London, UK",5+ years,67,2025-05-06,4,2,2,4,2,5,5,3,3,3,3,3,3,3,4,3,2,3,3,5,2,2,3,4,4,4,4,2,4,4,2,5,4,4,4,4,2,4,5,3,3,5,3,4,Marketing promises 'demo transformation in 30 days' and buyers expect magic on call one.,Build demo environment stability into our own dogfooding SLA.,
DT-2026Q2-0176,DemoTech,DT-10176,Mid-Market AE,Individual Contributor,Mid-Market,Remote — US West,1–2 years,18,2025-04-07,4,4,4,4,4,4,3,3,4,4,5,3,3,3,3,3,3,3,2,3,3,3,2,4,3,4,3,4,4,4,3,3,3,5,2,3,5,3,4,3,4,5,5,5,Product marketing launches features before sales knows how to position them.,Refresh ROI and CFO content for mid-market — stop making AEs rebuild decks.,Inbound volume dropped after we changed the website — outbound isn't picking up the slack.
DT-2026Q2-0177,DemoTech,DT-10177,Sales Manager,Front-line Manager,Mid-Market,Remote — EMEA,5+ years,120,2025-04-09,4,3,4,4,3,5,4,3,3,2,3,3,3,4,2,2,4,2,3,2,3,4,3,4,4,3,5,4,3,2,3,3,2,2,3,3,3,3,3,3,3,5,3,5,All-hands celebrates product velocity; sellers are drowning in half-baked releases.,Cap legal review SLA at 5 business days for deals under $150K ARR.,
DT-2026Q2-0178,DemoTech,DT-10178,Enterprise AE,Individual Contributor,Enterprise,Remote — EMEA,0–6 months,2,2025-04-12,2,4,3,3,3,4,3,4,4,3,4,4,3,3,4,3,3,4,2,3,4,4,2,4,2,4,3,3,2,2,1,4,3,3,3,4,2,2,3,3,3,4,4,4,SE coverage is thin — I wait three days for a technical win on competitive deals.,Staff one more SE per Enterprise pod for competitive bake-offs.,Deal desk gives different pricing guidance depending on who is on shift.
DT-2026Q2-0179,DemoTech,DT-10179,Commercial AE,Individual Contributor,Commercial,Remote — Canada,2–5 years,50,2025-05-13,5,4,4,3,4,5,4,4,3,3,4,4,3,2,3,5,3,4,4,4,4,3,4,4,3,4,4,3,2,1,1,2,3,3,3,4,4,3,5,4,3,4,4,4,Deal desk gives different pricing guidance depending on who is on shift.,Give remote reps the same GTM briefings HQ gets in hallway conversations.,All-hands celebrates product velocity; sellers are drowning in half-baked releases.
DT-2026Q2-0180,DemoTech,DT-10180,RevOps Manager,Front-line Manager,Corporate / GTM,"London, UK",2–5 years,41,2025-05-15,5,4,4,2,4,3,5,4,5,5,4,4,5,4,4,3,3,4,3,2,3,5,5,5,3,2,5,3,4,3,5,4,4,5,5,3,2,5,4,4,3,5,3,4,We need ROI calculators for mid-market CFOs — I build them in Google Sheets weekly.,Cap legal review SLA at 5 business days for deals under $150K ARR.,Marketing promises 'demo transformation in 30 days' and buyers expect magic on call one.
DT-2026Q2-0181,DemoTech,DT-10181,Mid-Market AE,Individual Contributor,Mid-Market,"Austin, TX",1–2 years,15,2025-05-20,3,3,3,4,3,5,5,5,5,5,4,4,4,3,5,5,3,2,4,3,5,3,4,5,2,5,4,3,4,3,3,3,2,5,5,2,3,3,2,4,4,4,4,3,SDR-to-AE handoffs lose context — I re-discover pain points on the first call every time.,Cap legal review SLA at 5 business days for deals under $150K ARR.,Forecasting feels like a political exercise instead of an honest pipeline review.
DT-2026Q2-0182,DemoTech,DT-10182,Enterprise AE,Individual Contributor,Enterprise,Remote — US East,2–5 years,49,2025-05-04,4,4,3,5,3,3,3,4,4,4,1,3,2,4,3,3,3,4,4,4,3,3,3,3,4,4,4,1,2,3,4,4,3,3,4,4,3,4,5,4,3,3,4,4,RevOps fixed forecasting dashboards this quarter and it saved me hours every week.,Publish a single source of truth for stage definitions and enforce it in Gong.,"My manager runs tight pipeline reviews with real coaching, not just inspection."
DT-2026Q2-0183,DemoTech,DT-10183,Commercial AE,Individual Contributor,Commercial,"London, UK",2–5 years,25,2025-05-20,4,3,5,4,4,4,5,5,5,3,4,4,2,5,4,2,2,3,3,2,3,3,3,3,4,3,5,4,2,3,3,5,5,3,3,3,4,3,3,4,5,5,4,4,Product marketing launches features before sales knows how to position them.,Standardize SDR-to-AE handoff notes with required fields in Salesforce.,
DT-2026Q2-0184,DemoTech,DT-10184,Commercial AE,Individual Contributor,Commercial,"Austin, TX",1–2 years,24,2025-05-09,4,4,2,4,4,5,3,4,4,4,3,3,2,4,4,4,2,2,5,4,1,4,3,3,3,3,3,3,3,2,2,3,4,3,5,4,4,5,2,4,3,5,4,2,Legal review on enterprise deals takes 2–3 weeks and champions go dark.,Publish a single source of truth for stage definitions and enforce it in Gong.,
DT-2026Q2-0185,DemoTech,DT-10185,Mid-Market AE,Individual Contributor,Mid-Market,Remote — US West,5+ years,64,2025-05-04,5,4,3,4,3,4,4,4,3,4,3,3,4,4,3,3,3,2,2,3,3,3,4,3,4,4,5,3,1,2,2,4,5,3,3,3,4,5,3,4,5,3,4,3,Legal review on enterprise deals takes 2–3 weeks and champions go dark.,Build demo environment stability into our own dogfooding SLA.,We need ROI calculators for mid-market CFOs — I build them in Google Sheets weekly.
DT-2026Q2-0186,DemoTech,DT-10186,SDR,Individual Contributor,Commercial,Remote — US East,6–12 months,11,2025-05-01,4,5,4,3,3,3,5,2,5,4,4,2,2,3,4,3,4,3,3,2,4,3,3,4,3,3,2,2,4,2,3,3,5,4,4,3,3,3,5,3,2,3,4,4,Deal desk gives different pricing guidance depending on who is on shift.,Standardize SDR-to-AE handoff notes with required fields in Salesforce.,Enablement content is built for Commercial but I'm Enterprise — I adapt everything.
DT-2026Q2-0187,DemoTech,DT-10187,Mid-Market AE,Individual Contributor,Mid-Market,"Toronto, Canada",1–2 years,17,2025-04-01,4,4,4,3,3,3,4,4,3,4,3,4,3,3,4,4,2,2,3,4,4,3,4,4,3,4,4,2,5,4,4,3,4,4,3,4,3,5,5,2,4,5,3,3,"My manager runs tight pipeline reviews with real coaching, not just inspection.",Give remote reps the same GTM briefings HQ gets in hallway conversations.,
DT-2026Q2-0188,DemoTech,DT-10188,Sales Manager,Front-line Manager,Commercial,Remote — US East,2–5 years,48,2025-05-28,3,3,3,5,3,4,5,3,3,3,4,4,4,3,3,3,2,4,5,5,3,2,3,4,3,4,3,4,3,3,3,5,2,3,3,4,4,4,3,4,3,5,3,4,Partner referrals arrive with no context and unrealistic close timelines.,Cap legal review SLA at 5 business days for deals under $150K ARR.,
DT-2026Q2-0189,DemoTech,DT-10189,Enterprise AE,Individual Contributor,Enterprise,"San Francisco, CA (HQ)",1–2 years,22,2025-05-28,2,4,4,3,4,4,4,3,5,2,2,4,3,3,4,4,3,1,3,4,4,1,4,4,3,4,3,3,2,4,3,2,3,3,3,3,4,4,3,4,2,5,2,4,Marketing promises 'demo transformation in 30 days' and buyers expect magic on call one.,Build demo environment stability into our own dogfooding SLA.,
DT-2026Q2-0190,DemoTech,DT-10190,Commercial AE,Individual Contributor,Commercial,Remote — Canada,2–5 years,29,2025-05-06,3,5,3,4,4,4,5,3,4,5,4,4,3,4,3,3,5,2,3,3,4,2,3,4,4,4,3,3,4,3,2,3,3,3,3,4,5,4,2,5,4,4,4,3,The Commercial team culture is strong — people share what works on Slack.,Standardize SDR-to-AE handoff notes with required fields in Salesforce.,"My manager runs tight pipeline reviews with real coaching, not just inspection."
DT-2026Q2-0191,DemoTech,DT-10191,Sales Engineer,Individual Contributor,Enterprise,"San Francisco, CA (HQ)",0–6 months,2,2025-05-17,3,2,4,2,4,3,3,3,4,5,2,1,5,3,1,2,2,2,2,3,4,2,2,3,3,3,4,3,3,2,3,1,3,4,4,3,1,4,3,4,3,4,3,4,Product marketing launches features before sales knows how to position them.,Refresh ROI and CFO content for mid-market — stop making AEs rebuild decks.,Competitive battlecards are three months stale the moment a competitor ships something.
DT-2026Q2-0192,DemoTech,DT-10192,Solutions Consultant,Individual Contributor,Mid-Market,"Denver, CO",2–5 years,51,2025-04-20,4,4,4,4,2,5,3,3,4,2,4,4,4,4,2,3,3,3,4,4,3,1,5,5,5,3,3,4,2,3,5,5,5,3,2,2,5,4,3,5,3,5,4,3,"MQLs from the last campaign were mostly students and consultants, not buyers.",Publish a single source of truth for stage definitions and enforce it in Gong.,
DT-2026Q2-0193,DemoTech,DT-10193,Enterprise AE,Individual Contributor,Enterprise,Remote — EMEA,0–6 months,1,2025-05-22,3,2,2,3,1,2,4,4,3,4,4,2,3,2,3,3,3,3,3,2,3,3,2,3,3,3,3,3,2,3,3,2,5,2,3,1,3,3,3,5,3,3,5,2,SDR-to-AE handoffs lose context — I re-discover pain points on the first call every time.,Standardize SDR-to-AE handoff notes with required fields in Salesforce.,Territory carve-up left me with a lot of long-dormant accounts and no warm inbound.
DT-2026Q2-0194,DemoTech,DT-10194,Commercial AE,Individual Contributor,Commercial,"London, UK",5+ years,97,2025-05-24,3,4,2,4,3,2,5,5,4,4,4,4,3,2,4,2,3,4,4,4,2,4,3,4,3,2,4,3,3,2,4,5,4,3,5,3,4,5,4,3,4,5,3,4,SE coverage is thin — I wait three days for a technical win on competitive deals.,Refresh ROI and CFO content for mid-market — stop making AEs rebuild decks.,Stage definitions change every quarter and my manager interprets them differently than RevOps.
DT-2026Q2-0195,DemoTech,DT-10195,Sales Enablement Manager,Individual Contributor,Corporate / GTM,"Denver, CO",0–6 months,1,2025-05-18,3,3,5,4,3,3,4,5,2,3,5,2,4,3,2,3,2,3,3,4,5,3,3,3,3,4,3,3,4,3,3,4,5,5,4,2,3,3,4,4,4,5,3,4,We need ROI calculators for mid-market CFOs — I build them in Google Sheets weekly.,"Tighten MQL criteria — fewer leads, higher quality.",Product marketing launches features before sales knows how to position them.
DT-2026Q2-0196,DemoTech,DT-10196,Mid-Market AE,Individual Contributor,Mid-Market,"London, UK",5+ years,78,2025-05-24,4,5,5,4,4,5,3,4,5,5,3,3,2,3,4,3,3,3,2,5,4,4,4,5,5,4,3,4,3,4,3,4,3,3,5,4,4,3,2,4,4,4,5,4,Marketing promises 'demo transformation in 30 days' and buyers expect magic on call one.,Cap legal review SLA at 5 business days for deals under $150K ARR.,
DT-2026Q2-0197,DemoTech,DT-10197,Sales Manager,Front-line Manager,Mid-Market,Remote — US West,0–6 months,6,2025-05-28,3,3,3,2,3,3,4,2,4,4,3,2,2,2,2,4,3,3,3,3,2,2,3,4,4,3,1,3,2,2,4,3,2,3,3,3,3,5,3,4,2,4,3,3,Onboarding was strong on product but weak on enterprise procurement cycles.,Staff one more SE per Enterprise pod for competitive bake-offs.,Inbound volume dropped after we changed the website — outbound isn't picking up the slack.
DT-2026Q2-0198,DemoTech,DT-10198,Sales Engineer,Individual Contributor,Enterprise,Remote — US East,2–5 years,30,2025-04-13,3,3,3,2,4,5,4,5,4,4,3,4,3,3,3,2,3,2,3,4,3,5,2,3,4,4,5,3,2,4,3,5,4,4,4,3,3,4,4,3,4,3,3,4,We need ROI calculators for mid-market CFOs — I build them in Google Sheets weekly.,Cap legal review SLA at 5 business days for deals under $150K ARR.,Forecasting feels like a political exercise instead of an honest pipeline review.
DT-2026Q2-0199,DemoTech,DT-10199,Enterprise AE,Individual Contributor,Enterprise,"Austin, TX",6–12 months,11,2025-04-26,2,3,3,3,2,4,5,3,4,3,2,3,4,3,4,3,4,3,4,5,3,3,4,4,4,4,3,2,1,1,2,5,4,3,3,5,3,4,2,3,4,4,3,3,Legal review on enterprise deals takes 2–3 weeks and champions go dark.,Publish a single source of truth for stage definitions and enforce it in Gong.,
DT-2026Q2-0200,DemoTech,DT-10200,Enterprise AE,Individual Contributor,Enterprise,Remote — US West,1–2 years,22,2025-05-26,3,2,4,3,4,4,4,5,3,3,3,3,5,4,4,4,2,3,3,5,3,4,3,2,3,5,3,3,2,2,3,4,3,4,2,4,3,3,5,5,3,4,4,2,Deal desk gives different pricing guidance depending on who is on shift.,"Tighten MQL criteria — fewer leads, higher quality.","MQLs from the last campaign were mostly students and consultants, not buyers."
DT-2026Q2-0201,DemoTech,DT-10201,Mid-Market AE,Individual Contributor,Mid-Market,"Austin, TX",5+ years,61,2025-04-15,3,4,3,3,5,3,4,4,4,5,3,3,5,4,4,4,3,3,3,3,3,3,4,5,3,3,4,4,2,2,3,3,4,3,4,3,2,4,3,5,4,5,3,3,Deal desk gives different pricing guidance depending on who is on shift.,Publish a single source of truth for stage definitions and enforce it in Gong.,
DT-2026Q2-0202,DemoTech,DT-10202,Enterprise AE,Individual Contributor,Enterprise,"Toronto, Canada",1–2 years,23,2025-05-14,4,3,5,4,2,4,5,4,4,5,3,4,4,2,4,3,3,4,2,3,3,3,4,4,4,3,2,2,3,1,3,4,5,4,4,5,3,2,4,5,4,4,3,3,The Commercial team culture is strong — people share what works on Slack.,"Tighten MQL criteria — fewer leads, higher quality.","My manager runs tight pipeline reviews with real coaching, not just inspection."
DT-2026Q2-0203,DemoTech,DT-10203,Commercial AE,Individual Contributor,Commercial,"Denver, CO",6–12 months,9,2025-05-23,3,4,3,4,4,3,5,3,5,5,3,3,1,2,2,4,3,2,2,5,2,3,3,5,4,4,3,5,2,3,2,4,3,4,2,2,3,4,2,5,4,5,3,5,"I want more live role-play on CFO objections, not another recorded webinar.",Cap legal review SLA at 5 business days for deals under $150K ARR.,"MQLs from the last campaign were mostly students and consultants, not buyers."
DT-2026Q2-0204,DemoTech,DT-10204,Sales Manager,Front-line Manager,Mid-Market,Remote — Canada,1–2 years,22,2025-05-24,2,4,3,4,3,5,3,5,5,3,4,3,2,4,4,3,4,3,5,2,5,3,4,5,4,3,2,5,4,3,3,2,3,3,4,3,4,3,4,4,4,4,4,5,All-hands celebrates product velocity; sellers are drowning in half-baked releases.,Standardize SDR-to-AE handoff notes with required fields in Salesforce.,Forecasting feels like a political exercise instead of an honest pipeline review.
DT-2026Q2-0205,DemoTech,DT-10205,SDR,Individual Contributor,Commercial,Remote — EMEA,2–5 years,38,2025-05-22,3,4,4,5,3,4,5,3,3,4,3,2,3,3,3,4,3,3,4,3,3,4,3,4,3,3,4,3,3,3,3,4,3,4,4,4,3,3,3,5,4,5,3,4,"I want more live role-play on CFO objections, not another recorded webinar.",Staff one more SE per Enterprise pod for competitive bake-offs.,
DT-2026Q2-0206,DemoTech,DT-10206,Mid-Market AE,Individual Contributor,Mid-Market,"San Francisco, CA (HQ)",6–12 months,8,2025-05-22,3,4,4,3,4,3,4,5,3,3,3,4,3,4,3,3,4,1,2,3,3,3,2,5,3,3,4,2,3,3,3,4,3,3,4,3,3,4,3,5,3,4,4,4,Marketing promises 'demo transformation in 30 days' and buyers expect magic on call one.,Build demo environment stability into our own dogfooding SLA.,Territory carve-up left me with a lot of long-dormant accounts and no warm inbound.
DT-2026Q2-0207,DemoTech,DT-10207,Mid-Market AE,Individual Contributor,Mid-Market,Remote — US West,6–12 months,7,2025-04-05,3,2,3,4,5,3,4,5,4,2,2,3,4,4,5,5,2,2,1,5,5,4,3,2,5,4,3,4,4,2,2,3,3,4,3,4,4,3,3,3,2,4,2,4,We need ROI calculators for mid-market CFOs — I build them in Google Sheets weekly.,Simplify the comp plan to one page with worked examples.,
DT-2026Q2-0208,DemoTech,DT-10208,Enterprise AE,Individual Contributor,Enterprise,"Austin, TX",2–5 years,42,2025-04-14,4,5,3,3,2,4,4,4,4,5,4,5,3,2,3,4,2,3,2,4,3,4,4,3,4,3,3,3,2,3,2,3,5,4,4,4,4,3,3,5,3,5,4,5,Security questionnaire responses are copy-paste from last year and buyers catch it.,"Tighten MQL criteria — fewer leads, higher quality.",
DT-2026Q2-0209,DemoTech,DT-10209,SDR,Individual Contributor,Commercial,"London, UK",2–5 years,56,2025-04-13,4,4,2,3,4,4,5,4,4,5,4,2,3,4,4,2,3,3,3,4,5,2,3,3,3,4,4,2,2,4,1,4,4,4,3,4,3,4,4,3,3,2,3,4,SE coverage is thin — I wait three days for a technical win on competitive deals.,Build demo environment stability into our own dogfooding SLA.,Marketing promises 'demo transformation in 30 days' and buyers expect magic on call one.
DT-2026Q2-0210,DemoTech,DT-10210,Enterprise AE,Individual Contributor,Enterprise,Remote — US West,5+ years,81,2025-04-06,3,3,4,4,3,2,3,3,5,2,4,4,4,3,5,2,3,4,4,3,3,3,1,2,4,1,3,2,2,2,3,3,1,4,4,3,3,2,5,4,4,4,3,5,Our demo platform is genuinely best-in-class — buyers feel it on the first call.,Give remote reps the same GTM briefings HQ gets in hallway conversations.,Our demo platform is genuinely best-in-class — buyers feel it on the first call.
DT-2026Q2-0211,DemoTech,DT-10211,Commercial AE,Individual Contributor,Commercial,Remote — US West,5+ years,107,2025-04-12,2,5,3,3,4,3,5,3,2,3,3,3,3,3,3,4,3,4,3,2,3,2,3,3,3,3,3,3,3,3,4,4,5,4,2,3,3,5,3,3,3,3,4,5,The Commercial team culture is strong — people share what works on Slack.,"Tighten MQL criteria — fewer leads, higher quality.","My manager runs tight pipeline reviews with real coaching, not just inspection."
DT-2026Q2-0212,DemoTech,DT-10212,SDR,Individual Contributor,Commercial,"Denver, CO",2–5 years,34,2025-04-09,3,5,4,3,2,4,5,4,3,4,3,4,5,3,4,3,3,3,3,3,3,4,4,5,4,3,4,4,2,3,5,4,4,2,5,3,4,4,2,2,3,4,5,3,Marketing promises 'demo transformation in 30 days' and buyers expect magic on call one.,Standardize SDR-to-AE handoff notes with required fields in Salesforce.,"MQLs from the last campaign were mostly students and consultants, not buyers."
DT-2026Q2-0213,DemoTech,DT-10213,Commercial AE,Individual Contributor,Commercial,"Austin, TX",2–5 years,40,2025-04-23,4,3,4,4,4,5,4,2,4,4,3,4,4,5,3,3,4,3,3,3,3,4,3,4,3,3,4,3,2,4,3,3,3,3,3,3,4,4,3,4,3,4,3,4,Deal desk gives different pricing guidance depending on who is on shift.,Simplify the comp plan to one page with worked examples.,All-hands celebrates product velocity; sellers are drowning in half-baked releases.
DT-2026Q2-0214,DemoTech,DT-10214,Enterprise AE,Individual Contributor,Enterprise,Remote — EMEA,1–2 years,20,2025-04-25,4,3,2,5,3,4,5,4,3,5,2,4,3,3,4,2,3,4,3,4,4,4,2,3,4,4,4,1,3,2,4,5,5,3,4,2,3,5,2,4,3,4,3,4,Security questionnaire responses are copy-paste from last year and buyers catch it.,Cap legal review SLA at 5 business days for deals under $150K ARR.,Product marketing launches features before sales knows how to position them.
DT-2026Q2-0215,DemoTech,DT-10215,Sales Manager,Front-line Manager,Commercial,Remote — US West,0–6 months,4,2025-05-21,4,1,3,3,3,3,4,3,3,4,3,2,2,3,3,4,3,2,3,4,2,3,1,4,4,4,2,1,2,3,2,2,4,4,3,4,3,3,4,4,2,5,3,3,Deal desk gives different pricing guidance depending on who is on shift.,Build demo environment stability into our own dogfooding SLA.,Territory carve-up left me with a lot of long-dormant accounts and no warm inbound.
DT-2026Q2-0216,DemoTech,DT-10216,Mid-Market AE,Individual Contributor,Mid-Market,"Toronto, Canada",2–5 years,41,2025-05-23,5,4,5,4,4,3,5,3,2,5,4,5,3,4,3,2,3,5,4,4,3,4,3,4,2,4,4,3,3,3,2,4,4,3,3,3,4,3,5,4,2,4,4,4,SE coverage is thin — I wait three days for a technical win on competitive deals.,Staff one more SE per Enterprise pod for competitive bake-offs.,
DT-2026Q2-0217,DemoTech,DT-10217,Mid-Market AE,Individual Contributor,Mid-Market,"London, UK",1–2 years,24,2025-04-21,3,4,3,3,4,3,5,3,3,4,3,3,4,4,5,5,2,3,2,3,4,5,5,3,4,3,4,4,3,4,1,3,4,4,3,4,5,2,3,3,5,5,4,5,Marketing promises 'demo transformation in 30 days' and buyers expect magic on call one.,Publish a single source of truth for stage definitions and enforce it in Gong.,
DT-2026Q2-0218,DemoTech,DT-10218,Solutions Consultant,Individual Contributor,Mid-Market,"New York, NY",5+ years,85,2025-04-15,5,2,4,4,3,4,4,3,5,5,2,4,3,4,4,5,3,3,4,3,4,4,3,4,2,4,5,3,1,4,4,4,3,4,5,3,4,5,3,3,4,4,5,3,Legal review on enterprise deals takes 2–3 weeks and champions go dark.,Publish a single source of truth for stage definitions and enforce it in Gong.,
DT-2026Q2-0219,DemoTech,DT-10219,BDR,Individual Contributor,Mid-Market,"San Francisco, CA (HQ)",0–6 months,2,2025-04-23,3,3,3,3,3,3,3,3,3,4,3,3,4,2,2,4,3,3,3,4,2,4,3,3,4,3,2,3,3,3,1,3,3,3,4,4,3,4,5,4,3,4,4,3,Legal review on enterprise deals takes 2–3 weeks and champions go dark.,Cap legal review SLA at 5 business days for deals under $150K ARR.,"I want more live role-play on CFO objections, not another recorded webinar."
DT-2026Q2-0220,DemoTech,DT-10220,BDR,Individual Contributor,Mid-Market,Remote — EMEA,1–2 years,22,2025-04-16,2,3,3,3,2,4,5,5,4,2,3,4,3,4,3,2,3,2,2,2,4,3,4,3,3,4,3,1,3,1,2,2,3,3,2,2,3,4,4,4,4,4,5,2,SE coverage is thin — I wait three days for a technical win on competitive deals.,Give remote reps the same GTM briefings HQ gets in hallway conversations.,Product marketing launches features before sales knows how to position them.
DT-2026Q2-0221,DemoTech,DT-10221,SDR,Individual Contributor,Commercial,"London, UK",2–5 years,57,2025-05-11,4,4,3,5,4,3,5,5,4,3,4,3,5,4,5,5,4,3,3,3,3,4,1,3,5,3,4,5,4,3,4,5,4,3,4,3,4,3,3,4,3,4,3,1,Inbound volume dropped after we changed the website — outbound isn't picking up the slack.,Staff one more SE per Enterprise pod for competitive bake-offs.,
DT-2026Q2-0222,DemoTech,DT-10222,Enterprise AE,Individual Contributor,Enterprise,Remote — Canada,6–12 months,12,2025-04-18,4,3,4,3,5,3,3,5,5,3,3,3,3,3,3,4,2,5,1,2,4,3,4,5,3,2,4,2,3,1,2,4,3,3,4,3,4,3,3,1,4,5,2,2,Our demo platform is genuinely best-in-class — buyers feel it on the first call.,Simplify the comp plan to one page with worked examples.,Our demo platform is genuinely best-in-class — buyers feel it on the first call.
DT-2026Q2-0223,DemoTech,DT-10223,Sales Manager,Front-line Manager,Enterprise,Remote — US East,6–12 months,10,2025-05-27,4,4,3,3,5,3,4,4,4,3,3,3,2,3,4,2,3,1,3,3,4,3,2,3,4,2,4,1,1,3,3,3,3,2,3,4,2,4,4,3,5,5,3,4,Deal desk gives different pricing guidance depending on who is on shift.,Staff one more SE per Enterprise pod for competitive bake-offs.,
DT-2026Q2-0224,DemoTech,DT-10224,Regional Sales Director,Director+,Strategic,Remote — EMEA,2–5 years,49,2025-05-02,3,3,4,1,3,4,4,3,3,2,3,4,3,3,4,1,2,3,5,3,2,2,3,3,3,4,4,3,4,2,3,2,3,5,2,5,4,4,4,4,4,4,4,3,Partner referrals arrive with no context and unrealistic close timelines.,"Tighten MQL criteria — fewer leads, higher quality.",
DT-2026Q2-0225,DemoTech,DT-10225,Sales Manager,Front-line Manager,Commercial,Remote — US East,5+ years,82,2025-05-20,2,3,4,3,3,5,5,4,3,3,3,3,4,3,3,4,3,3,3,3,4,4,2,4,3,5,4,4,3,3,3,2,2,2,4,4,3,4,2,5,3,2,4,2,All-hands celebrates product velocity; sellers are drowning in half-baked releases.,Refresh ROI and CFO content for mid-market — stop making AEs rebuild decks.,Stage definitions change every quarter and my manager interprets them differently than RevOps.
DT-2026Q2-0226,DemoTech,DT-10226,Commercial AE,Individual Contributor,Commercial,"Austin, TX",2–5 years,42,2025-04-16,4,5,4,5,2,5,5,5,5,4,3,4,1,3,4,4,2,3,2,3,3,4,4,3,4,3,3,5,3,4,4,4,3,5,3,2,3,4,5,3,4,3,5,5,We need ROI calculators for mid-market CFOs — I build them in Google Sheets weekly.,Simplify the comp plan to one page with worked examples.,
DT-2026Q2-0227,DemoTech,DT-10227,Commercial AE,Individual Contributor,Commercial,"London, UK",2–5 years,28,2025-05-20,3,4,5,5,5,4,3,3,3,4,4,4,4,3,4,5,4,4,2,4,4,4,3,3,4,3,4,5,2,3,3,1,2,3,4,4,4,3,4,4,5,5,4,4,We say we're PLG-plus-sales but the field motion still feels like pure enterprise.,Publish a single source of truth for stage definitions and enforce it in Gong.,Security questionnaire responses are copy-paste from last year and buyers catch it.
DT-2026Q2-0228,DemoTech,DT-10228,Sales Manager,Front-line Manager,Mid-Market,"New York, NY",0–6 months,4,2025-05-26,2,4,4,4,4,4,3,2,3,4,3,4,4,3,2,4,3,3,1,2,4,3,4,5,3,3,3,3,4,2,4,2,4,4,3,4,2,5,4,3,2,3,3,2,"MQLs from the last campaign were mostly students and consultants, not buyers.",Give remote reps the same GTM briefings HQ gets in hallway conversations.,Marketing promises 'demo transformation in 30 days' and buyers expect magic on call one.
DT-2026Q2-0229,DemoTech,DT-10229,Solutions Consultant,Individual Contributor,Mid-Market,"New York, NY",5+ years,80,2025-05-04,3,4,2,3,3,4,5,4,5,3,3,3,3,4,3,3,3,4,4,3,3,4,5,3,4,2,3,2,4,4,3,3,3,3,3,4,3,4,3,5,4,5,3,4,Our demo platform is genuinely best-in-class — buyers feel it on the first call.,Give remote reps the same GTM briefings HQ gets in hallway conversations.,RevOps fixed forecasting dashboards this quarter and it saved me hours every week.
DT-2026Q2-0230,DemoTech,DT-10230,Enterprise AE,Individual Contributor,Enterprise,"London, UK",1–2 years,17,2025-04-17,4,3,5,5,4,3,5,5,4,4,4,3,3,4,4,2,2,4,4,3,3,3,4,5,4,4,3,4,2,3,3,3,2,5,4,4,5,3,4,3,4,5,4,5,"MQLs from the last campaign were mostly students and consultants, not buyers.",Publish a single source of truth for stage definitions and enforce it in Gong.,Deal desk gives different pricing guidance depending on who is on shift.
DT-2026Q2-0231,DemoTech,DT-10231,Sales Engineer,Individual Contributor,Enterprise,Remote — US West,2–5 years,44,2025-04-21,3,3,3,3,3,4,5,3,3,4,3,3,3,3,3,3,3,3,4,3,4,4,4,3,3,2,3,3,2,4,3,4,4,2,4,3,3,4,4,4,4,4,4,3,SPIFF rules changed mid-quarter and nobody could explain the clawback logic.,Refresh ROI and CFO content for mid-market — stop making AEs rebuild decks.,Forecasting feels like a political exercise instead of an honest pipeline review.
DT-2026Q2-0232,DemoTech,DT-10232,Mid-Market AE,Individual Contributor,Mid-Market,"Austin, TX",1–2 years,13,2025-04-25,4,4,2,3,3,5,5,4,4,5,3,4,3,4,4,4,3,2,3,3,3,4,3,4,4,4,3,2,2,3,4,5,3,4,4,4,3,4,4,2,4,5,3,3,RevOps fixed forecasting dashboards this quarter and it saved me hours every week.,Build demo environment stability into our own dogfooding SLA.,The Commercial team culture is strong — people share what works on Slack.
DT-2026Q2-0233,DemoTech,DT-10233,Strategic AE,Individual Contributor,Strategic,Remote — US West,1–2 years,24,2025-04-22,3,3,5,3,2,4,2,4,4,4,3,1,3,4,4,4,2,3,4,3,4,2,4,3,3,3,2,4,2,3,4,3,3,4,4,4,3,5,2,3,3,3,3,4,Comp plan deck was 40 slides; I still don't know how renewals affect my number.,Run monthly live objection labs instead of async enablement modules.,Competitive battlecards are three months stale the moment a competitor ships something.
DT-2026Q2-0234,DemoTech,DT-10234,Mid-Market AE,Individual Contributor,Mid-Market,Remote — US East,0–6 months,6,2025-05-10,5,2,4,2,3,4,5,3,4,3,3,3,3,4,4,5,2,1,2,2,3,2,3,4,3,2,2,3,3,2,2,3,3,3,5,3,4,2,5,4,2,5,4,3,The Commercial team culture is strong — people share what works on Slack.,Build demo environment stability into our own dogfooding SLA.,
DT-2026Q2-0235,DemoTech,DT-10235,Mid-Market AE,Individual Contributor,Mid-Market,"Toronto, Canada",2–5 years,43,2025-05-04,4,3,4,3,5,5,3,5,3,3,3,5,4,4,5,3,4,3,4,3,2,4,1,3,3,5,3,3,4,3,3,3,3,4,3,4,3,3,4,4,5,3,4,5,Territory carve-up left me with a lot of long-dormant accounts and no warm inbound.,Run monthly live objection labs instead of async enablement modules.,Security questionnaire responses are copy-paste from last year and buyers catch it.
DT-2026Q2-0236,DemoTech,DT-10236,SDR,Individual Contributor,Commercial,Remote — Canada,1–2 years,15,2025-05-28,3,4,5,3,4,4,5,5,3,3,4,3,3,5,3,2,3,3,4,2,4,3,3,4,3,4,3,2,2,3,1,3,2,4,4,4,3,4,3,4,2,4,4,2,Legal review on enterprise deals takes 2–3 weeks and champions go dark.,Standardize SDR-to-AE handoff notes with required fields in Salesforce.,
DT-2026Q2-0237,DemoTech,DT-10237,Sales Manager,Front-line Manager,Commercial,"Denver, CO",0–6 months,3,2025-04-05,3,3,4,3,3,2,3,5,5,4,5,3,3,3,3,2,3,3,5,2,4,4,4,4,3,3,3,2,2,2,3,2,2,3,2,4,2,2,2,4,5,5,3,5,SE coverage is thin — I wait three days for a technical win on competitive deals.,Staff one more SE per Enterprise pod for competitive bake-offs.,
DT-2026Q2-0238,DemoTech,DT-10238,SDR,Individual Contributor,Commercial,"Austin, TX",5+ years,109,2025-04-06,2,5,3,5,3,4,4,5,4,4,5,3,4,4,5,4,4,3,3,2,2,2,1,5,3,3,4,1,3,2,4,3,3,3,3,5,3,4,3,4,4,4,4,5,My patch is geographically huge for an Enterprise rep — travel eats selling time.,Run monthly live objection labs instead of async enablement modules.,
DT-2026Q2-0239,DemoTech,DT-10239,VP Sales,Executive,Corporate / GTM,Remote — US West,1–2 years,20,2025-05-05,5,5,4,4,4,5,5,4,4,4,4,2,4,5,4,4,3,4,3,4,3,4,5,4,4,5,4,2,4,3,4,4,4,4,3,5,4,4,5,3,4,4,4,4,Security questionnaire responses are copy-paste from last year and buyers catch it.,Build demo environment stability into our own dogfooding SLA.,"MQLs from the last campaign were mostly students and consultants, not buyers."
DT-2026Q2-0240,DemoTech,DT-10240,Mid-Market AE,Individual Contributor,Mid-Market,"Toronto, Canada",2–5 years,33,2025-05-19,4,4,3,4,4,5,5,5,3,5,5,3,3,3,3,4,4,4,2,2,4,5,4,5,3,4,5,3,4,4,3,3,2,4,5,2,4,5,4,2,4,5,4,4,Onboarding was strong on product but weak on enterprise procurement cycles.,Run monthly live objection labs instead of async enablement modules.,Product marketing launches features before sales knows how to position them.
DT-2026Q2-0241,DemoTech,DT-10241,Enterprise AE,Individual Contributor,Enterprise,"London, UK",5+ years,92,2025-05-20,4,3,4,3,5,3,4,4,5,3,3,4,3,5,4,3,4,4,5,4,3,4,4,1,3,4,4,4,2,5,2,4,3,3,3,3,4,4,3,5,5,5,3,4,Accelerators kick in too late — I don't feel rewarded for landing lighthouse logos.,"Tighten MQL criteria — fewer leads, higher quality.",Legal review on enterprise deals takes 2–3 weeks and champions go dark.
DT-2026Q2-0242,DemoTech,DT-10242,Enterprise AE,Individual Contributor,Enterprise,"Toronto, Canada",2–5 years,27,2025-04-24,4,3,4,4,4,5,5,4,4,2,3,4,4,3,3,3,3,3,4,5,4,3,5,5,4,4,3,2,4,3,3,4,4,4,5,5,3,4,4,3,5,5,2,4,Legal review on enterprise deals takes 2–3 weeks and champions go dark.,Standardize SDR-to-AE handoff notes with required fields in Salesforce.,Marketing promises 'demo transformation in 30 days' and buyers expect magic on call one.
DT-2026Q2-0243,DemoTech,DT-10243,Commercial AE,Individual Contributor,Commercial,Remote — Canada,1–2 years,18,2025-04-19,4,3,4,3,3,4,3,3,4,5,2,4,3,3,4,5,2,4,2,3,4,3,3,3,4,4,5,4,3,4,3,3,3,3,3,3,2,4,4,5,4,4,4,4,All-hands celebrates product velocity; sellers are drowning in half-baked releases.,Refresh ROI and CFO content for mid-market — stop making AEs rebuild decks.,Enablement content is built for Commercial but I'm Enterprise — I adapt everything.
DT-2026Q2-0244,DemoTech,DT-10244,Strategic AE,Individual Contributor,Strategic,Remote — US East,5+ years,99,2025-04-16,2,4,4,2,4,4,4,4,4,4,4,3,4,3,3,1,4,4,2,1,3,2,3,5,3,4,4,3,1,3,5,3,4,4,5,3,5,2,4,4,3,3,5,3,Territory carve-up left me with a lot of long-dormant accounts and no warm inbound.,Build demo environment stability into our own dogfooding SLA.,"MQLs from the last campaign were mostly students and consultants, not buyers."
DT-2026Q2-0245,DemoTech,DT-10245,Commercial AE,Individual Contributor,Commercial,Remote — US West,2–5 years,26,2025-04-16,3,4,4,4,4,3,5,3,3,2,4,4,2,1,4,4,4,1,4,4,4,2,3,2,3,2,4,3,2,4,2,3,5,3,3,3,3,3,3,3,5,4,4,5,Comp plan deck was 40 slides; I still don't know how renewals affect my number.,Run monthly live objection labs instead of async enablement modules.,
DT-2026Q2-0246,DemoTech,DT-10246,SDR,Individual Contributor,Commercial,"London, UK",5+ years,82,2025-05-21,2,4,4,3,5,4,5,3,3,3,4,3,4,3,4,3,3,3,3,3,3,3,3,4,5,3,4,4,3,2,4,5,4,3,3,4,3,4,4,3,4,4,3,3,"MQLs from the last campaign were mostly students and consultants, not buyers.",Standardize SDR-to-AE handoff notes with required fields in Salesforce.,
DT-2026Q2-0247,DemoTech,DT-10247,RevOps Analyst,Individual Contributor,Corporate / GTM,"New York, NY",1–2 years,14,2025-05-08,4,3,4,5,4,4,5,4,5,5,4,4,3,4,5,3,5,4,3,4,3,5,5,3,3,3,5,3,3,4,2,4,4,2,3,4,5,2,3,1,2,5,4,4,Legal review on enterprise deals takes 2–3 weeks and champions go dark.,Staff one more SE per Enterprise pod for competitive bake-offs.,Legal review on enterprise deals takes 2–3 weeks and champions go dark.
DT-2026Q2-0248,DemoTech,DT-10248,Mid-Market AE,Individual Contributor,Mid-Market,"Toronto, Canada",6–12 months,10,2025-04-11,3,5,4,3,3,4,5,5,4,2,2,4,2,4,2,4,3,3,2,3,1,3,3,4,3,4,4,3,3,3,3,3,4,2,5,3,4,4,3,5,4,4,2,4,Territory carve-up left me with a lot of long-dormant accounts and no warm inbound.,Publish a single source of truth for stage definitions and enforce it in Gong.,Onboarding was strong on product but weak on enterprise procurement cycles.
DT-2026Q2-0249,DemoTech,DT-10249,Mid-Market AE,Individual Contributor,Mid-Market,"Toronto, Canada",2–5 years,52,2025-04-23,2,4,3,3,3,4,4,4,5,4,4,3,2,5,5,2,4,4,2,3,1,5,3,4,5,4,4,4,3,3,4,4,4,4,5,4,5,5,4,4,4,4,5,3,SDR-to-AE handoffs lose context — I re-discover pain points on the first call every time.,Give remote reps the same GTM briefings HQ gets in hallway conversations.,"MQLs from the last campaign were mostly students and consultants, not buyers."
DT-2026Q2-0250,DemoTech,DT-10250,SDR,Individual Contributor,Commercial,Remote — US West,2–5 years,59,2025-04-05,3,2,4,5,1,4,5,4,3,3,2,2,4,3,3,3,3,4,4,4,2,4,3,3,4,3,5,3,2,4,3,3,2,3,4,4,3,4,3,2,4,4,3,4,"I want more live role-play on CFO objections, not another recorded webinar.",Cap legal review SLA at 5 business days for deals under $150K ARR.,
DT-2026Q2-0251,DemoTech,DT-10251,Enterprise AE,Individual Contributor,Enterprise,"London, UK",5+ years,91,2025-05-13,4,2,3,3,3,3,4,4,3,5,5,3,3,3,2,2,4,2,4,5,3,4,4,5,4,5,3,2,2,2,3,5,4,2,3,3,3,2,3,4,3,5,5,5,SE coverage is thin — I wait three days for a technical win on competitive deals.,Refresh ROI and CFO content for mid-market — stop making AEs rebuild decks.,Deal desk gives different pricing guidance depending on who is on shift.
DT-2026Q2-0252,DemoTech,DT-10252,BDR,Individual Contributor,Mid-Market,Remote — US East,1–2 years,19,2025-05-23,3,4,3,3,3,3,5,3,4,4,4,5,4,3,4,3,3,4,3,3,1,4,2,3,3,4,4,4,3,3,3,3,3,3,4,2,3,3,4,3,4,4,3,3,Inbound volume dropped after we changed the website — outbound isn't picking up the slack.,Refresh ROI and CFO content for mid-market — stop making AEs rebuild decks.,Partner referrals arrive with no context and unrealistic close timelines.
DT-2026Q2-0253,DemoTech,DT-10253,Solutions Consultant,Individual Contributor,Mid-Market,"Toronto, Canada",5+ years,70,2025-04-18,2,3,5,5,3,5,5,4,3,3,5,3,4,4,3,4,2,2,4,3,5,4,2,4,4,3,4,5,2,4,4,5,4,2,5,4,4,5,2,4,4,4,3,4,"MQLs from the last campaign were mostly students and consultants, not buyers.",Run monthly live objection labs instead of async enablement modules.,Territory carve-up left me with a lot of long-dormant accounts and no warm inbound.
DT-2026Q2-0254,DemoTech,DT-10254,Enterprise AE,Individual Contributor,Enterprise,Remote — US West,6–12 months,10,2025-04-07,3,4,3,4,3,5,4,4,4,3,3,2,3,2,3,4,1,3,3,3,3,4,1,5,3,3,4,1,1,1,4,1,2,4,5,4,4,4,4,3,4,3,3,5,SE coverage is thin — I wait three days for a technical win on competitive deals.,Refresh ROI and CFO content for mid-market — stop making AEs rebuild decks.,Competitive battlecards are three months stale the moment a competitor ships something.
DT-2026Q2-0255,DemoTech,DT-10255,Mid-Market AE,Individual Contributor,Mid-Market,"Denver, CO",5+ years,100,2025-04-19,3,2,5,3,4,5,5,3,4,5,4,5,4,4,4,3,4,4,3,2,5,5,4,4,5,3,4,3,3,3,3,4,4,4,5,2,3,3,4,4,4,5,3,3,RevOps fixed forecasting dashboards this quarter and it saved me hours every week.,Publish a single source of truth for stage definitions and enforce it in Gong.,RevOps fixed forecasting dashboards this quarter and it saved me hours every week.
DT-2026Q2-0256,DemoTech,DT-10256,Mid-Market AE,Individual Contributor,Mid-Market,Remote — US East,2–5 years,50,2025-05-17,2,4,2,3,2,3,4,4,4,4,4,3,4,3,5,3,4,4,3,4,4,3,3,3,4,2,3,3,3,3,3,3,5,5,4,3,2,4,3,4,5,5,4,4,Stage definitions change every quarter and my manager interprets them differently than RevOps.,Cap legal review SLA at 5 business days for deals under $150K ARR.,Accelerators kick in too late — I don't feel rewarded for landing lighthouse logos.
DT-2026Q2-0257,DemoTech,DT-10257,Mid-Market AE,Individual Contributor,Mid-Market,Remote — US West,5+ years,116,2025-05-03,3,3,2,3,5,3,3,4,4,5,5,5,4,4,3,3,3,4,4,3,4,2,3,3,5,4,4,4,2,3,4,4,3,2,5,4,4,3,3,3,3,3,5,5,RevOps fixed forecasting dashboards this quarter and it saved me hours every week.,Cap legal review SLA at 5 business days for deals under $150K ARR.,Our demo platform is genuinely best-in-class — buyers feel it on the first call.
DT-2026Q2-0258,DemoTech,DT-10258,SDR,Individual Contributor,Commercial,"San Francisco, CA (HQ)",5+ years,73,2025-05-19,4,5,4,3,1,3,5,5,4,4,3,2,4,5,4,4,4,4,4,2,3,2,1,4,3,3,5,2,3,3,4,5,3,3,3,5,4,3,5,4,3,5,2,4,Partner referrals arrive with no context and unrealistic close timelines.,Cap legal review SLA at 5 business days for deals under $150K ARR.,SE coverage is thin — I wait three days for a technical win on competitive deals.
DT-2026Q2-0259,DemoTech,DT-10259,Enterprise AE,Individual Contributor,Enterprise,"Denver, CO",5+ years,76,2025-05-05,5,3,3,4,3,5,4,5,3,3,3,2,4,3,3,4,1,5,3,4,3,4,5,4,3,4,3,3,3,4,2,5,2,3,4,4,4,3,2,5,5,4,3,3,RevOps fixed forecasting dashboards this quarter and it saved me hours every week.,Publish a single source of truth for stage definitions and enforce it in Gong.,The Commercial team culture is strong — people share what works on Slack.
DT-2026Q2-0260,DemoTech,DT-10260,RevOps Manager,Front-line Manager,Corporate / GTM,"Toronto, Canada",2–5 years,47,2025-04-02,4,5,5,5,4,4,5,4,5,3,4,3,4,5,4,3,3,3,2,4,5,5,3,4,4,5,3,4,4,4,1,5,3,5,4,3,5,3,5,3,4,5,4,4,Our demo platform is genuinely best-in-class — buyers feel it on the first call.,Publish a single source of truth for stage definitions and enforce it in Gong.,RevOps fixed forecasting dashboards this quarter and it saved me hours every week.
DT-2026Q2-0261,DemoTech,DT-10261,BDR,Individual Contributor,Mid-Market,"New York, NY",6–12 months,9,2025-05-19,4,4,2,5,3,3,4,3,3,2,3,3,3,4,5,4,3,2,3,2,4,3,4,3,4,2,3,2,4,3,3,3,4,3,3,4,4,3,4,4,3,4,4,4,CRM fields are a graveyard — half the required data doesn't help me sell.,Standardize SDR-to-AE handoff notes with required fields in Salesforce.,We need ROI calculators for mid-market CFOs — I build them in Google Sheets weekly.
DT-2026Q2-0262,DemoTech,DT-10262,Sales Manager,Front-line Manager,Mid-Market,"Toronto, Canada",0–6 months,4,2025-04-07,4,4,4,2,3,4,3,3,4,3,3,2,5,4,3,3,4,3,3,3,1,2,5,4,3,4,4,2,4,2,3,4,4,2,4,2,3,3,4,3,4,5,3,3,Our demo platform is genuinely best-in-class — buyers feel it on the first call.,Cap legal review SLA at 5 business days for deals under $150K ARR.,RevOps fixed forecasting dashboards this quarter and it saved me hours every week.
DT-2026Q2-0263,DemoTech,DT-10263,SDR,Individual Contributor,Commercial,"London, UK",2–5 years,28,2025-05-19,4,5,4,4,4,5,4,4,4,4,4,3,2,2,4,3,3,3,3,2,2,4,3,4,5,5,3,4,3,3,5,3,4,4,4,5,4,2,4,4,3,4,4,2,Territory carve-up left me with a lot of long-dormant accounts and no warm inbound.,Give remote reps the same GTM briefings HQ gets in hallway conversations.,
DT-2026Q2-0264,DemoTech,DT-10264,Commercial AE,Individual Contributor,Commercial,"New York, NY",1–2 years,14,2025-05-06,3,4,5,3,5,3,5,4,4,4,3,4,3,3,5,3,3,4,2,4,4,4,4,3,4,5,4,2,5,4,3,5,4,3,4,3,3,3,5,4,5,4,5,4,Product marketing launches features before sales knows how to position them.,Standardize SDR-to-AE handoff notes with required fields in Salesforce.,
DT-2026Q2-0265,DemoTech,DT-10265,CRO,Executive,Corporate / GTM,"New York, NY",0–6 months,1,2025-04-19,4,4,5,4,3,5,5,4,4,5,4,3,4,3,3,5,4,4,3,4,3,4,4,4,4,4,4,3,4,3,3,2,5,3,4,3,4,4,3,5,4,5,4,3,Legal review on enterprise deals takes 2–3 weeks and champions go dark.,Simplify the comp plan to one page with worked examples.,
DT-2026Q2-0266,DemoTech,DT-10266,Sales Engineer,Individual Contributor,Enterprise,Remote — EMEA,6–12 months,11,2025-05-04,4,2,5,4,2,4,4,4,5,4,3,3,2,3,2,4,3,4,1,2,3,3,2,2,4,2,4,2,2,2,4,3,1,3,4,3,3,5,3,3,3,4,3,5,Partner referrals arrive with no context and unrealistic close timelines.,Run monthly live objection labs instead of async enablement modules.,Security questionnaire responses are copy-paste from last year and buyers catch it.
DT-2026Q2-0267,DemoTech,DT-10267,Sales Engineer,Individual Contributor,Enterprise,"London, UK",6–12 months,11,2025-04-23,2,4,1,4,3,4,4,4,4,5,4,4,4,4,5,3,3,2,4,4,4,3,3,2,4,3,4,3,3,4,3,2,3,4,3,2,3,4,3,3,3,5,4,3,Forecasting feels like a political exercise instead of an honest pipeline review.,"Tighten MQL criteria — fewer leads, higher quality.",Marketing promises 'demo transformation in 30 days' and buyers expect magic on call one.
DT-2026Q2-0268,DemoTech,DT-10268,Mid-Market AE,Individual Contributor,Mid-Market,"Austin, TX",0–6 months,1,2025-05-17,3,4,4,3,3,4,5,4,2,3,2,4,2,4,3,4,3,3,3,5,4,3,3,3,4,3,4,3,3,2,3,3,2,2,3,3,2,3,3,4,4,3,3,2,We say we're PLG-plus-sales but the field motion still feels like pure enterprise.,Give remote reps the same GTM briefings HQ gets in hallway conversations.,
DT-2026Q2-0269,DemoTech,DT-10269,SDR,Individual Contributor,Commercial,"San Francisco, CA (HQ)",1–2 years,24,2025-05-19,3,4,4,5,3,3,4,3,4,5,4,3,3,3,3,3,3,4,3,4,3,4,3,5,4,4,3,3,3,3,2,4,4,3,5,4,4,3,4,5,4,4,3,4,Security questionnaire responses are copy-paste from last year and buyers catch it.,Refresh ROI and CFO content for mid-market — stop making AEs rebuild decks.,Competitive battlecards are three months stale the moment a competitor ships something.
DT-2026Q2-0270,DemoTech,DT-10270,Enterprise AE,Individual Contributor,Enterprise,"New York, NY",5+ years,111,2025-04-02,3,4,4,5,3,2,2,4,5,2,4,4,4,5,5,3,5,3,3,3,3,1,2,3,4,5,4,3,3,4,3,4,4,4,3,4,3,2,3,5,4,3,2,4,Inbound volume dropped after we changed the website — outbound isn't picking up the slack.,Give remote reps the same GTM briefings HQ gets in hallway conversations.,Ironically our internal demo environment crashes more than I'd like on live calls.
DT-2026Q2-0271,DemoTech,DT-10271,Commercial AE,Individual Contributor,Commercial,Remote — EMEA,6–12 months,10,2025-04-03,3,3,3,4,3,5,4,5,2,3,5,3,5,2,5,3,4,5,2,3,4,3,2,2,3,4,4,4,3,3,2,4,1,3,3,3,3,2,3,5,4,4,2,4,We say we're PLG-plus-sales but the field motion still feels like pure enterprise.,Standardize SDR-to-AE handoff notes with required fields in Salesforce.,We say we're PLG-plus-sales but the field motion still feels like pure enterprise.
DT-2026Q2-0272,DemoTech,DT-10272,Sales Manager,Front-line Manager,Commercial,"San Francisco, CA (HQ)",1–2 years,22,2025-04-08,3,4,3,4,4,5,4,4,2,4,5,5,3,3,4,4,2,4,5,4,2,4,4,4,4,4,5,3,5,3,4,4,4,2,3,3,4,5,5,5,3,4,4,2,We say we're PLG-plus-sales but the field motion still feels like pure enterprise.,Run monthly live objection labs instead of async enablement modules.,Territory carve-up left me with a lot of long-dormant accounts and no warm inbound.
DT-2026Q2-0273,DemoTech,DT-10273,Sales Manager,Front-line Manager,Enterprise,"London, UK",2–5 years,41,2025-04-03,3,4,3,3,4,5,4,4,4,3,3,3,3,4,3,3,3,3,3,4,3,4,3,5,3,4,3,3,3,3,3,4,3,3,4,2,4,4,3,3,4,5,2,5,We need ROI calculators for mid-market CFOs — I build them in Google Sheets weekly.,Standardize SDR-to-AE handoff notes with required fields in Salesforce.,
DT-2026Q2-0274,DemoTech,DT-10274,Sales Manager,Front-line Manager,Enterprise,"Austin, TX",0–6 months,1,2025-05-26,4,3,2,4,4,4,4,4,3,3,4,3,4,3,4,2,2,4,3,3,3,4,4,4,3,3,4,3,2,1,2,3,3,4,3,3,3,2,3,4,3,4,4,2,Security questionnaire responses are copy-paste from last year and buyers catch it.,Publish a single source of truth for stage definitions and enforce it in Gong.,We need ROI calculators for mid-market CFOs — I build them in Google Sheets weekly.
DT-2026Q2-0275,DemoTech,DT-10275,Sales Manager,Front-line Manager,Commercial,"Austin, TX",1–2 years,16,2025-05-11,3,4,4,5,3,3,4,4,4,2,1,3,2,3,4,3,4,4,3,2,4,3,3,3,3,3,3,2,3,4,4,4,4,4,5,3,4,5,2,3,5,5,4,2,RevOps fixed forecasting dashboards this quarter and it saved me hours every week.,Simplify the comp plan to one page with worked examples.,Our demo platform is genuinely best-in-class — buyers feel it on the first call.
DT-2026Q2-0276,DemoTech,DT-10276,Enterprise AE,Individual Contributor,Enterprise,Remote — Canada,5+ years,76,2025-04-21,3,3,4,4,4,4,4,4,4,4,3,2,1,3,4,3,5,3,3,2,3,3,4,3,5,4,3,2,2,3,3,2,5,3,3,4,2,3,4,3,5,4,5,3,Security questionnaire responses are copy-paste from last year and buyers catch it.,Run monthly live objection labs instead of async enablement modules.,"I want more live role-play on CFO objections, not another recorded webinar."
DT-2026Q2-0277,DemoTech,DT-10277,BDR,Individual Contributor,Mid-Market,"San Francisco, CA (HQ)",0–6 months,5,2025-04-26,4,4,3,3,3,3,3,4,4,3,3,2,4,4,4,2,3,3,2,3,2,3,4,3,4,3,3,3,3,1,2,2,3,4,2,4,3,3,3,3,4,5,4,3,Legal review on enterprise deals takes 2–3 weeks and champions go dark.,Simplify the comp plan to one page with worked examples.,
DT-2026Q2-0278,DemoTech,DT-10278,Commercial AE,Individual Contributor,Commercial,Remote — US West,5+ years,66,2025-04-13,4,4,3,5,4,4,4,5,3,5,3,3,2,3,4,2,1,2,1,2,4,3,4,3,3,5,4,1,3,2,3,5,5,3,2,3,4,5,3,3,4,5,3,3,We need ROI calculators for mid-market CFOs — I build them in Google Sheets weekly.,Build demo environment stability into our own dogfooding SLA.,Legal review on enterprise deals takes 2–3 weeks and champions go dark.
DT-2026Q2-0279,DemoTech,DT-10279,Sales Manager,Front-line Manager,Mid-Market,Remote — Canada,6–12 months,7,2025-05-09,3,3,3,2,2,3,4,2,2,5,3,4,2,2,3,2,4,3,3,3,2,3,1,5,3,4,3,3,2,3,1,2,3,4,3,4,4,2,3,4,4,4,1,3,Territory carve-up left me with a lot of long-dormant accounts and no warm inbound.,Simplify the comp plan to one page with worked examples.,Security questionnaire responses are copy-paste from last year and buyers catch it.
DT-2026Q2-0280,DemoTech,DT-10280,Enterprise AE,Individual Contributor,Enterprise,Remote — US East,2–5 years,26,2025-05-06,3,3,5,3,3,4,4,3,3,4,4,3,5,3,5,1,4,2,5,3,4,4,3,3,3,5,4,2,2,2,2,3,3,5,3,4,3,4,4,3,3,4,3,2,"My manager runs tight pipeline reviews with real coaching, not just inspection.",Simplify the comp plan to one page with worked examples.,The Commercial team culture is strong — people share what works on Slack.
DT-2026Q2-0281,DemoTech,DT-10281,RevOps Manager,Front-line Manager,Corporate / GTM,"New York, NY",6–12 months,8,2025-05-13,3,4,4,3,3,4,5,4,5,4,4,4,4,3,2,4,4,3,4,2,3,4,3,2,3,5,4,3,4,4,3,3,3,5,4,3,2,4,4,3,5,3,3,3,The Commercial team culture is strong — people share what works on Slack.,Refresh ROI and CFO content for mid-market — stop making AEs rebuild decks.,The Commercial team culture is strong — people share what works on Slack.
DT-2026Q2-0282,DemoTech,DT-10282,SDR,Individual Contributor,Commercial,Remote — US East,1–2 years,22,2025-05-13,4,5,3,4,2,5,4,3,3,5,5,4,3,2,5,2,4,3,3,3,3,3,4,3,3,5,4,4,3,3,4,3,4,3,4,3,1,4,3,4,5,4,3,3,Product marketing launches features before sales knows how to position them.,Staff one more SE per Enterprise pod for competitive bake-offs.,Product marketing launches features before sales knows how to position them.
DT-2026Q2-0283,DemoTech,DT-10283,Commercial AE,Individual Contributor,Commercial,Remote — EMEA,5+ years,81,2025-04-15,2,3,3,4,4,4,4,3,4,4,5,3,3,4,3,4,3,3,3,5,3,4,3,4,3,4,4,4,3,2,3,4,4,3,4,4,4,2,4,5,3,5,3,4,Security questionnaire responses are copy-paste from last year and buyers catch it.,Build demo environment stability into our own dogfooding SLA.,We have six different definitions of 'qualified' depending on who you ask.
DT-2026Q2-0284,DemoTech,DT-10284,Sales Engineer,Individual Contributor,Enterprise,"Denver, CO",5+ years,95,2025-04-04,4,3,3,3,4,4,4,2,5,4,2,3,2,4,5,3,3,2,4,3,2,4,4,5,4,4,3,3,3,2,2,3,5,5,3,3,4,4,5,4,3,4,4,4,SE coverage is thin — I wait three days for a technical win on competitive deals.,Staff one more SE per Enterprise pod for competitive bake-offs.,
DT-2026Q2-0285,DemoTech,DT-10285,BDR,Individual Contributor,Mid-Market,Remote — Canada,1–2 years,20,2025-04-18,2,3,3,4,3,3,4,4,5,5,4,3,4,4,3,2,1,2,2,2,2,3,4,5,3,5,2,3,2,2,2,4,2,4,4,3,3,4,4,5,3,4,4,5,Marketing promises 'demo transformation in 30 days' and buyers expect magic on call one.,Build demo environment stability into our own dogfooding SLA.,Security questionnaire responses are copy-paste from last year and buyers catch it.
DT-2026Q2-0286,DemoTech,DT-10286,Sales Manager,Front-line Manager,Enterprise,"New York, NY",2–5 years,54,2025-05-20,3,4,4,5,5,4,4,4,4,3,3,3,4,2,2,3,5,3,3,2,3,5,4,3,5,3,3,4,2,4,4,4,5,5,4,5,4,3,4,5,3,5,5,5,Competitive battlecards are three months stale the moment a competitor ships something.,Refresh ROI and CFO content for mid-market — stop making AEs rebuild decks.,"MQLs from the last campaign were mostly students and consultants, not buyers."
DT-2026Q2-0287,DemoTech,DT-10287,Strategic AE,Individual Contributor,Strategic,Remote — Canada,5+ years,111,2025-05-27,5,2,4,5,5,3,4,4,5,4,3,4,2,5,1,3,3,3,2,3,2,2,3,5,4,3,4,5,2,3,2,4,4,3,3,4,4,3,2,3,4,3,4,4,Territory carve-up left me with a lot of long-dormant accounts and no warm inbound.,Simplify the comp plan to one page with worked examples.,
DT-2026Q2-0288,DemoTech,DT-10288,SDR,Individual Contributor,Commercial,"New York, NY",5+ years,99,2025-05-06,5,4,3,3,4,4,5,4,4,5,3,4,3,4,3,2,4,2,2,3,3,3,2,5,5,4,4,5,3,2,5,5,4,3,3,4,2,2,5,5,4,4,4,3,We need ROI calculators for mid-market CFOs — I build them in Google Sheets weekly.,Run monthly live objection labs instead of async enablement modules.,Partner referrals arrive with no context and unrealistic close timelines.
DT-2026Q2-0289,DemoTech,DT-10289,Mid-Market AE,Individual Contributor,Mid-Market,"Austin, TX",5+ years,96,2025-05-14,4,4,4,3,4,3,4,4,4,5,3,4,4,2,3,3,1,2,4,3,3,2,4,4,5,3,5,3,3,4,4,5,4,3,4,3,4,5,4,5,5,5,5,3,We need ROI calculators for mid-market CFOs — I build them in Google Sheets weekly.,Staff one more SE per Enterprise pod for competitive bake-offs.,Partner referrals arrive with no context and unrealistic close timelines.
DT-2026Q2-0290,DemoTech,DT-10290,Commercial AE,Individual Contributor,Commercial,"San Francisco, CA (HQ)",2–5 years,52,2025-04-22,4,4,4,3,3,5,5,4,2,4,4,4,3,4,2,4,3,3,4,4,2,3,4,5,4,5,2,3,4,4,4,2,4,4,4,4,4,4,4,4,4,4,4,4,Inbound volume dropped after we changed the website — outbound isn't picking up the slack.,Refresh ROI and CFO content for mid-market — stop making AEs rebuild decks.,
DT-2026Q2-0291,DemoTech,DT-10291,Mid-Market AE,Individual Contributor,Mid-Market,"San Francisco, CA (HQ)",2–5 years,55,2025-05-17,3,3,4,4,3,5,4,5,3,4,4,4,3,4,4,4,4,2,3,3,3,3,4,4,5,3,5,3,4,4,3,5,4,3,3,3,4,5,4,4,5,5,4,4,"MQLs from the last campaign were mostly students and consultants, not buyers.",Staff one more SE per Enterprise pod for competitive bake-offs.,
DT-2026Q2-0292,DemoTech,DT-10292,Sales Manager,Front-line Manager,Enterprise,Remote — Canada,0–6 months,3,2025-04-18,2,3,4,4,3,3,2,3,4,4,3,4,2,3,3,1,3,4,2,5,2,3,3,5,3,2,3,2,1,3,3,2,3,3,3,3,3,5,2,3,3,4,1,3,SE coverage is thin — I wait three days for a technical win on competitive deals.,Publish a single source of truth for stage definitions and enforce it in Gong.,Marketing promises 'demo transformation in 30 days' and buyers expect magic on call one.
DT-2026Q2-0293,DemoTech,DT-10293,BDR,Individual Contributor,Mid-Market,"Toronto, Canada",1–2 years,24,2025-04-18,4,4,5,4,2,4,4,3,2,4,2,4,3,2,4,2,3,4,1,3,4,1,4,2,4,4,4,3,3,3,2,3,3,4,3,5,5,3,2,3,5,5,3,3,We need ROI calculators for mid-market CFOs — I build them in Google Sheets weekly.,Standardize SDR-to-AE handoff notes with required fields in Salesforce.,SE coverage is thin — I wait three days for a technical win on competitive deals.
DT-2026Q2-0294,DemoTech,DT-10294,Mid-Market AE,Individual Contributor,Mid-Market,Remote — EMEA,6–12 months,11,2025-04-01,1,2,4,4,2,4,5,4,3,3,4,3,4,2,4,3,3,2,4,4,3,3,3,4,4,3,3,3,3,3,3,2,3,3,4,3,3,4,4,4,3,4,4,4,Forecasting feels like a political exercise instead of an honest pipeline review.,Simplify the comp plan to one page with worked examples.,We need ROI calculators for mid-market CFOs — I build them in Google Sheets weekly.
DT-2026Q2-0295,DemoTech,DT-10295,BDR,Individual Contributor,Mid-Market,"New York, NY",6–12 months,11,2025-05-21,2,3,4,3,3,4,3,3,5,4,4,5,4,3,2,4,4,2,5,3,3,2,2,5,2,3,4,2,3,3,4,5,2,3,2,4,5,5,3,4,4,4,4,4,Our demo platform is genuinely best-in-class — buyers feel it on the first call.,Run monthly live objection labs instead of async enablement modules.,RevOps fixed forecasting dashboards this quarter and it saved me hours every week.
DT-2026Q2-0296,DemoTech,DT-10296,Commercial AE,Individual Contributor,Commercial,Remote — US East,6–12 months,8,2025-04-15,3,1,2,4,4,4,4,4,2,2,3,4,4,2,3,2,3,4,3,4,4,4,4,3,1,3,3,2,3,2,4,4,2,1,3,4,4,4,3,3,4,3,3,4,SPIFF rules changed mid-quarter and nobody could explain the clawback logic.,Simplify the comp plan to one page with worked examples.,We say we're PLG-plus-sales but the field motion still feels like pure enterprise.
DT-2026Q2-0297,DemoTech,DT-10297,SDR,Individual Contributor,Commercial,Remote — US West,2–5 years,31,2025-05-13,3,5,3,4,4,4,5,5,4,4,2,2,4,4,4,3,2,3,3,3,3,2,5,3,3,5,5,3,3,4,3,4,4,3,2,5,3,3,3,3,3,4,3,3,"MQLs from the last campaign were mostly students and consultants, not buyers.",Build demo environment stability into our own dogfooding SLA.,Enablement content is built for Commercial but I'm Enterprise — I adapt everything.
DT-2026Q2-0298,DemoTech,DT-10298,Solutions Consultant,Individual Contributor,Mid-Market,Remote — US West,5+ years,88,2025-04-03,3,4,3,4,4,4,5,4,3,4,5,3,4,3,4,4,2,3,3,3,3,3,3,5,2,3,2,2,3,2,2,3,3,2,3,4,3,5,5,4,3,3,2,4,Security questionnaire responses are copy-paste from last year and buyers catch it.,Refresh ROI and CFO content for mid-market — stop making AEs rebuild decks.,We say we're PLG-plus-sales but the field motion still feels like pure enterprise.
DT-2026Q2-0299,DemoTech,DT-10299,Mid-Market AE,Individual Contributor,Mid-Market,Remote — US East,2–5 years,51,2025-05-20,3,3,3,4,4,4,4,4,3,4,3,4,3,4,3,1,3,2,1,2,4,3,5,4,4,3,1,4,3,3,2,4,4,2,4,4,4,4,3,3,4,3,5,5,Marketing promises 'demo transformation in 30 days' and buyers expect magic on call one.,Refresh ROI and CFO content for mid-market — stop making AEs rebuild decks.,Comp plan deck was 40 slides; I still don't know how renewals affect my number.
DT-2026Q2-0300,DemoTech,DT-10300,Sales Engineer,Individual Contributor,Enterprise,"New York, NY",0–6 months,4,2025-04-24,4,2,3,3,3,3,4,3,3,3,3,4,3,4,5,2,2,3,3,5,4,3,4,3,4,3,3,2,2,3,3,3,4,4,3,4,3,2,4,3,2,4,3,4,"MQLs from the last campaign were mostly students and consultants, not buyers.",Give remote reps the same GTM briefings HQ gets in hallway conversations.,
DT-2026Q2-0301,DemoTech,DT-10301,Mid-Market AE,Individual Contributor,Mid-Market,Remote — US East,2–5 years,28,2025-05-02,3,3,5,5,4,4,5,4,3,4,3,4,3,2,3,3,3,2,3,2,4,2,3,3,4,4,3,2,2,2,2,4,3,1,3,4,3,3,3,4,3,5,5,5,SE coverage is thin — I wait three days for a technical win on competitive deals.,"Tighten MQL criteria — fewer leads, higher quality.","MQLs from the last campaign were mostly students and consultants, not buyers."
DT-2026Q2-0302,DemoTech,DT-10302,SDR,Individual Contributor,Commercial,Remote — Canada,5+ years,110,2025-04-09,2,3,2,3,4,3,4,5,5,4,2,4,2,4,4,3,3,5,2,2,3,2,3,2,5,1,4,2,3,3,3,2,2,5,4,4,3,3,3,5,4,4,4,3,Inbound volume dropped after we changed the website — outbound isn't picking up the slack.,Cap legal review SLA at 5 business days for deals under $150K ARR.,Legal review on enterprise deals takes 2–3 weeks and champions go dark.
DT-2026Q2-0303,DemoTech,DT-10303,Mid-Market AE,Individual Contributor,Mid-Market,"San Francisco, CA (HQ)",5+ years,105,2025-05-09,5,4,3,4,4,3,5,3,4,4,4,5,4,2,2,3,3,2,2,4,4,4,3,5,5,4,4,2,4,3,4,3,3,3,4,3,5,4,3,3,5,4,3,5,The Commercial team culture is strong — people share what works on Slack.,Build demo environment stability into our own dogfooding SLA.,The Commercial team culture is strong — people share what works on Slack.
DT-2026Q2-0304,DemoTech,DT-10304,Sales Manager,Front-line Manager,Commercial,"New York, NY",0–6 months,2,2025-04-02,4,2,4,3,5,3,4,4,3,4,3,3,2,2,2,3,2,3,4,3,4,4,3,4,3,3,5,3,1,2,2,5,3,3,5,2,3,3,5,2,3,3,3,4,SE coverage is thin — I wait three days for a technical win on competitive deals.,Standardize SDR-to-AE handoff notes with required fields in Salesforce.,
DT-2026Q2-0305,DemoTech,DT-10305,Solutions Consultant,Individual Contributor,Mid-Market,"Toronto, Canada",1–2 years,18,2025-05-25,3,4,5,4,5,4,5,4,3,4,3,4,4,3,3,4,4,4,3,3,3,4,3,3,3,5,5,3,2,4,4,4,4,5,1,4,2,4,3,4,4,5,4,4,Territory carve-up left me with a lot of long-dormant accounts and no warm inbound.,Staff one more SE per Enterprise pod for competitive bake-offs.,Deal desk gives different pricing guidance depending on who is on shift.
DT-2026Q2-0306,DemoTech,DT-10306,Mid-Market AE,Individual Contributor,Mid-Market,Remote — EMEA,2–5 years,28,2025-04-25,4,3,4,4,4,4,3,4,4,4,2,3,2,5,5,2,3,4,3,2,4,2,3,4,4,4,4,4,3,1,3,4,3,2,4,3,3,4,4,3,5,4,4,4,Inbound volume dropped after we changed the website — outbound isn't picking up the slack.,Simplify the comp plan to one page with worked examples.,Deal desk gives different pricing guidance depending on who is on shift.
DT-2026Q2-0307,DemoTech,DT-10307,Commercial AE,Individual Contributor,Commercial,"London, UK",0–6 months,6,2025-05-09,3,4,3,3,4,4,4,3,4,3,3,2,3,2,3,1,2,2,3,3,2,4,3,3,3,5,3,2,4,3,2,3,3,3,2,4,3,3,4,2,3,4,4,4,Marketing promises 'demo transformation in 30 days' and buyers expect magic on call one.,"Tighten MQL criteria — fewer leads, higher quality.",Competitive battlecards are three months stale the moment a competitor ships something.
DT-2026Q2-0308,DemoTech,DT-10308,Commercial AE,Individual Contributor,Commercial,Remote — EMEA,1–2 years,15,2025-05-20,4,3,3,4,5,4,4,3,4,4,4,3,2,3,4,3,4,3,3,4,3,4,4,4,4,2,3,2,2,2,3,3,3,2,4,3,3,5,4,4,4,4,3,5,Security questionnaire responses are copy-paste from last year and buyers catch it.,Build demo environment stability into our own dogfooding SLA.,We say we're PLG-plus-sales but the field motion still feels like pure enterprise.
DT-2026Q2-0309,DemoTech,DT-10309,Sales Engineer,Individual Contributor,Enterprise,Remote — Canada,0–6 months,3,2025-05-19,3,1,4,4,3,3,4,5,5,1,1,2,3,2,3,3,2,2,2,3,3,4,3,3,2,2,5,2,3,4,2,3,4,2,3,2,3,4,3,3,3,4,3,3,Enablement content is built for Commercial but I'm Enterprise — I adapt everything.,"Tighten MQL criteria — fewer leads, higher quality.",Marketing promises 'demo transformation in 30 days' and buyers expect magic on call one.
DT-2026Q2-0310,DemoTech,DT-10310,Sales Engineer,Individual Contributor,Enterprise,Remote — EMEA,5+ years,99,2025-05-23,3,4,4,4,2,5,4,5,4,5,4,3,3,3,3,3,2,3,3,2,3,3,3,5,2,3,4,2,3,4,4,4,3,4,2,5,5,3,3,3,4,4,3,3,Product marketing launches features before sales knows how to position them.,"Tighten MQL criteria — fewer leads, higher quality.",Territory carve-up left me with a lot of long-dormant accounts and no warm inbound.
DT-2026Q2-0311,DemoTech,DT-10311,SDR,Individual Contributor,Commercial,Remote — US West,5+ years,80,2025-04-23,5,4,4,3,3,5,4,4,2,2,2,3,2,4,5,3,3,2,2,3,4,4,2,3,4,5,4,2,2,3,2,3,4,4,3,2,4,3,5,4,3,4,4,3,Legal review on enterprise deals takes 2–3 weeks and champions go dark.,Build demo environment stability into our own dogfooding SLA.,Marketing promises 'demo transformation in 30 days' and buyers expect magic on call one.
DT-2026Q2-0312,DemoTech,DT-10312,Solutions Consultant,Individual Contributor,Mid-Market,"Austin, TX",1–2 years,24,2025-05-15,4,3,2,3,4,4,5,4,5,4,4,3,4,4,3,3,2,5,2,4,3,2,4,4,3,3,5,4,4,2,3,5,2,2,3,4,5,5,3,5,2,5,5,2,We need ROI calculators for mid-market CFOs — I build them in Google Sheets weekly.,Cap legal review SLA at 5 business days for deals under $150K ARR.,
DT-2026Q2-0313,DemoTech,DT-10313,SDR,Individual Contributor,Commercial,Remote — EMEA,1–2 years,17,2025-05-16,4,3,2,4,5,4,5,5,4,4,2,2,4,4,4,4,3,4,3,3,3,2,5,2,2,3,2,2,3,2,4,4,2,2,3,3,3,4,5,5,5,5,2,3,SPIFF rules changed mid-quarter and nobody could explain the clawback logic.,Give remote reps the same GTM briefings HQ gets in hallway conversations.,Deal desk gives different pricing guidance depending on who is on shift.
DT-2026Q2-0314,DemoTech,DT-10314,Solutions Consultant,Individual Contributor,Mid-Market,"San Francisco, CA (HQ)",0–6 months,5,2025-05-01,2,2,4,3,3,3,4,4,5,3,3,5,3,3,3,3,3,3,2,3,5,3,3,5,4,3,2,3,2,3,2,5,4,4,2,4,2,3,3,4,3,5,3,3,SE coverage is thin — I wait three days for a technical win on competitive deals.,Give remote reps the same GTM briefings HQ gets in hallway conversations.,We need ROI calculators for mid-market CFOs — I build them in Google Sheets weekly.
DT-2026Q2-0315,DemoTech,DT-10315,Sales Manager,Front-line Manager,Commercial,"Denver, CO",5+ years,107,2025-04-02,4,4,3,5,3,4,5,5,3,5,4,2,3,4,4,3,4,3,2,3,3,5,4,4,4,5,5,3,5,2,2,4,4,3,4,5,4,3,4,3,4,5,3,5,We need ROI calculators for mid-market CFOs — I build them in Google Sheets weekly.,Standardize SDR-to-AE handoff notes with required fields in Salesforce.,Security questionnaire responses are copy-paste from last year and buyers catch it.
DT-2026Q2-0316,DemoTech,DT-10316,Enterprise AE,Individual Contributor,Enterprise,"Toronto, Canada",0–6 months,4,2025-04-07,2,3,4,3,5,3,4,4,3,3,5,4,4,4,5,2,2,3,2,4,3,3,4,2,3,4,3,2,2,2,1,2,2,5,3,5,2,1,4,3,4,5,4,2,Legal review on enterprise deals takes 2–3 weeks and champions go dark.,Standardize SDR-to-AE handoff notes with required fields in Salesforce.,Product marketing launches features before sales knows how to position them.
DT-2026Q2-0317,DemoTech,DT-10317,Sales Manager,Front-line Manager,Enterprise,"San Francisco, CA (HQ)",0–6 months,1,2025-05-07,5,2,4,3,4,2,3,3,4,3,3,3,3,3,3,3,4,4,4,3,3,2,2,2,3,2,5,3,2,4,3,4,3,3,4,3,3,4,4,4,5,4,4,3,The Commercial team culture is strong — people share what works on Slack.,Build demo environment stability into our own dogfooding SLA.,
DT-2026Q2-0318,DemoTech,DT-10318,Sales Enablement Manager,Individual Contributor,Corporate / GTM,"Toronto, Canada",5+ years,100,2025-04-18,3,5,4,5,4,4,4,4,5,5,3,3,3,3,2,4,4,3,2,3,3,4,4,3,3,4,3,2,5,3,3,4,2,3,3,4,5,4,3,5,4,5,4,5,Onboarding was strong on product but weak on enterprise procurement cycles.,Give remote reps the same GTM briefings HQ gets in hallway conversations.,"Remote reps feel last to know when GTM strategy shifts — HQ decides, field executes."
DT-2026Q2-0319,DemoTech,DT-10319,Commercial AE,Individual Contributor,Commercial,"Austin, TX",5+ years,72,2025-05-04,3,4,3,3,3,3,4,3,4,5,4,4,4,3,2,2,3,3,3,5,5,3,3,4,5,4,4,4,2,4,3,4,4,3,5,3,3,5,2,3,3,4,3,4,Product marketing launches features before sales knows how to position them.,Cap legal review SLA at 5 business days for deals under $150K ARR.,Stage definitions change every quarter and my manager interprets them differently than RevOps.
DT-2026Q2-0320,DemoTech,DT-10320,Commercial AE,Individual Contributor,Commercial,"Denver, CO",1–2 years,15,2025-04-23,4,4,3,4,3,4,5,4,5,4,4,4,4,5,3,3,1,4,4,4,3,3,2,5,4,3,5,2,3,2,2,4,3,4,3,4,5,4,3,5,3,3,4,3,Legal review on enterprise deals takes 2–3 weeks and champions go dark.,Standardize SDR-to-AE handoff notes with required fields in Salesforce.,
DT-2026Q2-0321,DemoTech,DT-10321,Sales Manager,Front-line Manager,Commercial,Remote — US East,2–5 years,38,2025-04-18,5,3,5,5,3,4,3,4,5,3,2,1,4,4,3,3,3,4,3,4,5,2,5,5,4,4,3,5,2,2,5,3,3,3,5,3,2,3,3,2,3,3,4,4,"I want more live role-play on CFO objections, not another recorded webinar.",Publish a single source of truth for stage definitions and enforce it in Gong.,Competitive battlecards are three months stale the moment a competitor ships something.
DT-2026Q2-0322,DemoTech,DT-10322,BDR,Individual Contributor,Mid-Market,Remote — US East,1–2 years,15,2025-04-08,3,4,5,3,3,4,5,3,4,4,4,3,3,2,4,3,2,3,2,2,3,4,2,2,4,3,3,1,3,3,2,5,5,4,1,2,4,5,4,4,5,4,3,5,SE coverage is thin — I wait three days for a technical win on competitive deals.,Build demo environment stability into our own dogfooding SLA.,"MQLs from the last campaign were mostly students and consultants, not buyers."
DT-2026Q2-0323,DemoTech,DT-10323,Solutions Consultant,Individual Contributor,Mid-Market,Remote — US West,1–2 years,21,2025-04-12,2,4,4,3,4,4,5,3,4,4,3,4,2,3,3,3,2,2,3,2,5,4,3,4,3,5,3,2,2,3,2,3,4,5,3,4,4,3,4,3,4,3,5,3,Deal desk gives different pricing guidance depending on who is on shift.,Cap legal review SLA at 5 business days for deals under $150K ARR.,
DT-2026Q2-0324,DemoTech,DT-10324,SDR,Individual Contributor,Commercial,Remote — EMEA,5+ years,101,2025-04-18,3,1,2,3,4,4,3,4,3,2,3,2,3,3,4,4,4,1,3,1,3,4,5,3,3,3,4,4,5,2,4,4,5,4,3,4,3,3,4,3,5,3,3,4,We have six different definitions of 'qualified' depending on who you ask.,Run monthly live objection labs instead of async enablement modules.,
DT-2026Q2-0325,DemoTech,DT-10325,Mid-Market AE,Individual Contributor,Mid-Market,"London, UK",2–5 years,46,2025-04-12,5,4,1,3,4,5,4,3,3,5,2,4,4,4,4,4,3,3,3,5,2,2,2,4,4,5,5,4,3,4,3,5,5,5,5,4,4,4,4,3,4,5,5,5,The Commercial team culture is strong — people share what works on Slack.,Simplify the comp plan to one page with worked examples.,"My manager runs tight pipeline reviews with real coaching, not just inspection."
DT-2026Q2-0326,DemoTech,DT-10326,Sales Manager,Front-line Manager,Commercial,Remote — US West,5+ years,80,2025-05-10,4,5,3,4,3,3,5,5,4,4,3,2,2,3,3,3,3,3,3,2,4,3,3,4,4,2,4,2,4,2,2,4,3,2,3,3,4,5,5,2,3,3,3,4,SE coverage is thin — I wait three days for a technical win on competitive deals.,Refresh ROI and CFO content for mid-market — stop making AEs rebuild decks.,
DT-2026Q2-0327,DemoTech,DT-10327,Mid-Market AE,Individual Contributor,Mid-Market,"Austin, TX",2–5 years,50,2025-05-14,4,5,5,5,4,4,5,3,5,3,4,4,4,3,3,2,4,3,4,5,4,4,3,5,3,2,4,3,3,5,3,3,5,3,2,4,5,5,4,4,4,5,4,4,"MQLs from the last campaign were mostly students and consultants, not buyers.",Standardize SDR-to-AE handoff notes with required fields in Salesforce.,We say we're PLG-plus-sales but the field motion still feels like pure enterprise.
DT-2026Q2-0328,DemoTech,DT-10328,Enterprise AE,Individual Contributor,Enterprise,Remote — US East,2–5 years,47,2025-04-24,3,4,4,2,3,2,4,4,3,2,4,5,4,3,4,4,4,2,4,2,3,4,4,4,4,4,4,3,3,2,2,4,3,4,5,3,4,2,4,4,4,4,3,4,SE coverage is thin — I wait three days for a technical win on competitive deals.,Simplify the comp plan to one page with worked examples.,
DT-2026Q2-0329,DemoTech,DT-10329,Enterprise AE,Individual Contributor,Enterprise,"Austin, TX",2–5 years,56,2025-05-23,4,3,4,5,4,5,4,5,5,4,5,3,4,4,4,3,4,4,3,4,2,3,4,3,5,1,3,2,3,2,3,4,5,2,3,4,5,4,4,3,4,3,4,5,Our demo platform is genuinely best-in-class — buyers feel it on the first call.,Cap legal review SLA at 5 business days for deals under $150K ARR.,RevOps fixed forecasting dashboards this quarter and it saved me hours every week.
DT-2026Q2-0330,DemoTech,DT-10330,Commercial AE,Individual Contributor,Commercial,"Denver, CO",0–6 months,6,2025-05-08,5,2,3,2,3,4,4,3,3,4,5,4,3,3,4,2,3,3,3,2,4,3,2,3,5,3,3,3,3,2,1,2,3,4,5,4,4,4,3,3,3,5,3,4,Legal review on enterprise deals takes 2–3 weeks and champions go dark.,Publish a single source of truth for stage definitions and enforce it in Gong.,"MQLs from the last campaign were mostly students and consultants, not buyers."
DT-2026Q2-0331,DemoTech,DT-10331,Mid-Market AE,Individual Contributor,Mid-Market,"Austin, TX",2–5 years,29,2025-05-04,5,5,4,4,4,5,4,2,3,3,3,3,5,4,3,3,2,4,4,5,4,3,3,4,4,3,3,4,2,3,3,3,4,5,4,5,2,3,4,3,3,4,3,4,The Commercial team culture is strong — people share what works on Slack.,Publish a single source of truth for stage definitions and enforce it in Gong.,"My manager runs tight pipeline reviews with real coaching, not just inspection."
DT-2026Q2-0332,DemoTech,DT-10332,SDR,Individual Contributor,Commercial,"New York, NY",2–5 years,47,2025-04-25,3,5,4,4,3,3,4,4,4,4,5,3,3,5,4,2,3,4,3,3,4,3,4,5,2,5,4,4,4,3,3,4,4,5,3,4,3,4,3,4,5,4,3,5,We need ROI calculators for mid-market CFOs — I build them in Google Sheets weekly.,Refresh ROI and CFO content for mid-market — stop making AEs rebuild decks.,Partner referrals arrive with no context and unrealistic close timelines.
DT-2026Q2-0333,DemoTech,DT-10333,Enterprise AE,Individual Contributor,Enterprise,"San Francisco, CA (HQ)",6–12 months,9,2025-04-06,3,3,3,3,4,4,4,4,2,4,4,2,3,3,3,4,3,5,3,2,4,3,4,5,4,2,3,3,2,2,3,5,4,2,3,5,3,5,3,4,5,4,4,2,SE coverage is thin — I wait three days for a technical win on competitive deals.,Standardize SDR-to-AE handoff notes with required fields in Salesforce.,Enablement content is built for Commercial but I'm Enterprise — I adapt everything.
DT-2026Q2-0334,DemoTech,DT-10334,BDR,Individual Contributor,Mid-Market,Remote — US East,2–5 years,38,2025-05-04,4,4,5,4,3,4,4,3,4,4,3,5,3,3,2,2,2,4,2,2,3,3,4,4,3,4,4,3,2,2,3,3,3,3,4,4,3,3,5,2,2,4,4,5,Product marketing launches features before sales knows how to position them.,Standardize SDR-to-AE handoff notes with required fields in Salesforce.,Security questionnaire responses are copy-paste from last year and buyers catch it.
DT-2026Q2-0335,DemoTech,DT-10335,RevOps Analyst,Individual Contributor,Corporate / GTM,"New York, NY",5+ years,100,2025-04-03,4,5,4,5,4,5,5,5,3,4,4,3,4,5,5,5,5,5,4,5,4,5,4,4,4,5,3,3,3,2,2,5,4,4,5,1,3,3,5,3,4,5,5,4,Legal review on enterprise deals takes 2–3 weeks and champions go dark.,Give remote reps the same GTM briefings HQ gets in hallway conversations.,Deal desk gives different pricing guidance depending on who is on shift.
DT-2026Q2-0336,DemoTech,DT-10336,SDR,Individual Contributor,Commercial,"London, UK",6–12 months,7,2025-05-07,4,3,4,5,5,2,5,5,3,3,3,4,3,2,3,2,3,4,4,3,3,3,4,4,4,4,4,3,3,4,3,3,3,2,3,4,4,3,4,3,2,4,4,3,Product roadmap slides don't match what I hear in discovery calls.,Publish a single source of truth for stage definitions and enforce it in Gong.,"I want more live role-play on CFO objections, not another recorded webinar."
DT-2026Q2-0337,DemoTech,DT-10337,Commercial AE,Individual Contributor,Commercial,"New York, NY",5+ years,72,2025-04-24,2,3,4,3,4,4,5,3,5,4,2,4,4,2,4,1,4,3,4,4,4,3,4,4,4,3,4,3,4,3,3,3,5,3,3,3,4,4,4,3,5,3,5,4,Product marketing launches features before sales knows how to position them.,Publish a single source of truth for stage definitions and enforce it in Gong.,
DT-2026Q2-0338,DemoTech,DT-10338,Mid-Market AE,Individual Contributor,Mid-Market,"Austin, TX",1–2 years,14,2025-04-05,4,4,5,3,3,5,3,4,5,3,4,4,4,4,2,2,3,3,5,5,4,4,3,4,3,5,2,4,2,2,5,2,3,4,4,3,5,4,4,4,5,5,3,3,We need ROI calculators for mid-market CFOs — I build them in Google Sheets weekly.,Staff one more SE per Enterprise pod for competitive bake-offs.,SE coverage is thin — I wait three days for a technical win on competitive deals.
DT-2026Q2-0339,DemoTech,DT-10339,BDR,Individual Contributor,Mid-Market,Remote — US East,5+ years,108,2025-05-08,4,4,4,4,3,4,4,4,3,5,2,3,4,3,4,4,2,2,3,4,2,5,3,3,4,3,2,2,4,3,3,3,2,4,3,2,5,4,3,5,3,4,3,3,"MQLs from the last campaign were mostly students and consultants, not buyers.",Publish a single source of truth for stage definitions and enforce it in Gong.,
DT-2026Q2-0340,DemoTech,DT-10340,Enterprise AE,Individual Contributor,Enterprise,"Toronto, Canada",1–2 years,17,2025-04-15,4,3,4,3,3,4,3,5,4,4,4,3,3,3,4,3,3,4,5,2,4,3,4,4,4,2,3,3,1,3,3,4,4,2,2,2,4,4,3,4,3,4,3,4,Legal review on enterprise deals takes 2–3 weeks and champions go dark.,Refresh ROI and CFO content for mid-market — stop making AEs rebuild decks.,
DT-2026Q2-0341,DemoTech,DT-10341,Sales Manager,Front-line Manager,Commercial,"San Francisco, CA (HQ)",6–12 months,11,2025-04-23,4,3,3,3,5,5,4,4,4,3,4,3,3,4,3,3,2,3,3,3,2,3,3,5,2,5,4,1,3,3,2,4,1,3,2,4,4,4,3,5,3,5,4,3,Legal review on enterprise deals takes 2–3 weeks and champions go dark.,Build demo environment stability into our own dogfooding SLA.,We say we're PLG-plus-sales but the field motion still feels like pure enterprise.
DT-2026Q2-0342,DemoTech,DT-10342,Commercial AE,Individual Contributor,Commercial,"Austin, TX",0–6 months,2,2025-05-26,4,4,4,4,4,4,3,3,4,3,3,1,4,3,4,2,4,4,1,4,2,4,4,3,3,3,4,4,4,3,4,4,3,3,3,3,3,3,5,3,3,4,2,4,Our demo platform is genuinely best-in-class — buyers feel it on the first call.,Run monthly live objection labs instead of async enablement modules.,
DT-2026Q2-0343,DemoTech,DT-10343,Commercial AE,Individual Contributor,Commercial,Remote — EMEA,5+ years,96,2025-04-12,3,3,2,4,4,5,4,3,3,4,2,4,3,1,4,3,1,2,4,3,4,2,4,3,4,3,4,2,2,2,5,3,3,2,4,4,3,5,4,3,4,4,3,2,"MQLs from the last campaign were mostly students and consultants, not buyers.",Build demo environment stability into our own dogfooding SLA.,SE coverage is thin — I wait three days for a technical win on competitive deals.
DT-2026Q2-0344,DemoTech,DT-10344,Commercial AE,Individual Contributor,Commercial,"Austin, TX",1–2 years,22,2025-04-17,2,4,4,2,5,4,3,4,3,3,3,3,3,4,4,3,4,4,3,5,3,3,3,4,3,4,5,5,2,4,2,3,3,5,4,5,5,4,4,4,2,5,3,4,Deal desk gives different pricing guidance depending on who is on shift.,Build demo environment stability into our own dogfooding SLA.,
DT-2026Q2-0345,DemoTech,DT-10345,BDR,Individual Contributor,Mid-Market,Remote — US East,6–12 months,11,2025-04-11,3,4,3,2,4,4,4,4,4,3,3,4,3,2,1,1,4,3,2,2,2,2,2,3,3,3,3,4,2,2,4,4,4,2,3,3,3,3,1,4,3,5,2,3,RevOps fixed forecasting dashboards this quarter and it saved me hours every week.,Cap legal review SLA at 5 business days for deals under $150K ARR.,
DT-2026Q2-0346,DemoTech,DT-10346,Mid-Market AE,Individual Contributor,Mid-Market,"London, UK",6–12 months,7,2025-04-22,3,2,4,3,4,5,5,4,4,5,3,4,3,3,4,3,2,3,2,3,5,3,3,3,3,3,2,3,2,3,2,3,4,2,4,4,4,3,5,5,4,2,4,4,Product marketing launches features before sales knows how to position them.,"Tighten MQL criteria — fewer leads, higher quality.",Deal desk gives different pricing guidance depending on who is on shift.
DT-2026Q2-0347,DemoTech,DT-10347,Enterprise AE,Individual Contributor,Enterprise,"San Francisco, CA (HQ)",5+ years,83,2025-05-10,4,4,2,3,5,4,5,4,4,4,4,2,5,3,3,3,4,2,4,4,4,4,3,4,4,5,4,3,1,2,2,4,3,4,4,3,4,3,4,3,4,4,3,4,Security questionnaire responses are copy-paste from last year and buyers catch it.,Publish a single source of truth for stage definitions and enforce it in Gong.,Product marketing launches features before sales knows how to position them.
DT-2026Q2-0348,DemoTech,DT-10348,Sales Manager,Front-line Manager,Commercial,"Austin, TX",0–6 months,1,2025-05-08,4,4,3,3,4,4,3,4,2,3,3,4,3,3,5,4,3,4,5,3,4,3,3,3,4,5,4,3,3,2,2,1,3,3,3,2,4,3,3,3,4,5,2,3,Deal desk gives different pricing guidance depending on who is on shift.,Simplify the comp plan to one page with worked examples.,All-hands celebrates product velocity; sellers are drowning in half-baked releases.
DT-2026Q2-0349,DemoTech,DT-10349,Enterprise AE,Individual Contributor,Enterprise,"Austin, TX",6–12 months,12,2025-05-06,3,3,3,3,2,5,4,5,4,4,3,4,4,3,3,3,2,3,2,4,3,3,4,4,2,3,4,2,3,2,2,4,4,2,4,4,4,3,3,4,3,4,4,4,Our demo platform is genuinely best-in-class — buyers feel it on the first call.,Refresh ROI and CFO content for mid-market — stop making AEs rebuild decks.,"My manager runs tight pipeline reviews with real coaching, not just inspection."
DT-2026Q2-0350,DemoTech,DT-10350,Mid-Market AE,Individual Contributor,Mid-Market,"San Francisco, CA (HQ)",1–2 years,21,2025-04-26,4,3,4,3,4,4,5,3,4,4,4,4,3,4,3,2,3,2,4,2,4,4,4,4,3,4,4,2,3,2,3,4,4,2,4,4,4,4,3,3,5,3,2,5,Legal review on enterprise deals takes 2–3 weeks and champions go dark.,Standardize SDR-to-AE handoff notes with required fields in Salesforce.,We need ROI calculators for mid-market CFOs — I build them in Google Sheets weekly.
DT-2026Q2-0351,DemoTech,DT-10351,Mid-Market AE,Individual Contributor,Mid-Market,Remote — Canada,0–6 months,2,2025-05-06,3,3,2,2,3,4,3,3,3,2,2,3,4,2,2,2,2,3,3,2,3,2,2,2,3,3,3,3,2,2,4,4,2,3,2,2,3,3,4,4,4,5,4,2,Partner referrals arrive with no context and unrealistic close timelines.,Build demo environment stability into our own dogfooding SLA.,We need ROI calculators for mid-market CFOs — I build them in Google Sheets weekly.
DT-2026Q2-0352,DemoTech,DT-10352,Solutions Consultant,Individual Contributor,Mid-Market,"New York, NY",2–5 years,38,2025-05-16,4,3,5,4,4,4,4,4,3,4,3,4,4,3,2,2,4,3,4,3,5,4,3,3,5,3,4,2,3,4,3,4,3,5,3,4,4,5,3,5,3,3,4,4,Legal review on enterprise deals takes 2–3 weeks and champions go dark.,Run monthly live objection labs instead of async enablement modules.,Enablement content is built for Commercial but I'm Enterprise — I adapt everything.
DT-2026Q2-0353,DemoTech,DT-10353,SDR,Individual Contributor,Commercial,"New York, NY",0–6 months,2,2025-04-01,3,5,4,4,3,4,4,3,4,4,2,3,3,4,4,3,3,3,3,3,3,4,1,4,5,3,3,3,3,2,2,3,2,4,3,4,2,5,3,3,3,5,4,2,Legal review on enterprise deals takes 2–3 weeks and champions go dark.,Run monthly live objection labs instead of async enablement modules.,Partner referrals arrive with no context and unrealistic close timelines.
DT-2026Q2-0354,DemoTech,DT-10354,Mid-Market AE,Individual Contributor,Mid-Market,"Denver, CO",0–6 months,3,2025-05-27,3,4,3,3,3,3,3,4,5,3,2,2,4,3,3,3,4,4,4,3,2,4,3,4,5,4,3,4,3,2,4,2,2,1,2,5,2,5,3,3,4,4,3,4,Product roadmap slides don't match what I hear in discovery calls.,Publish a single source of truth for stage definitions and enforce it in Gong.,Competitive battlecards are three months stale the moment a competitor ships something.
DT-2026Q2-0355,DemoTech,DT-10355,SDR,Individual Contributor,Commercial,"Austin, TX",1–2 years,16,2025-05-05,5,3,5,4,3,3,3,4,3,3,5,3,3,3,3,3,3,1,4,2,3,3,4,5,4,3,3,3,3,4,4,3,3,2,4,3,4,3,3,4,4,4,5,3,Marketing promises 'demo transformation in 30 days' and buyers expect magic on call one.,Staff one more SE per Enterprise pod for competitive bake-offs.,
DT-2026Q2-0356,DemoTech,DT-10356,Regional Sales Director,Director+,Strategic,"San Francisco, CA (HQ)",6–12 months,8,2025-04-17,2,4,2,4,4,4,4,5,4,3,4,3,3,2,3,3,4,3,4,2,4,3,4,4,4,4,4,3,3,3,4,2,2,3,3,4,5,4,4,4,3,3,4,3,We say we're PLG-plus-sales but the field motion still feels like pure enterprise.,Cap legal review SLA at 5 business days for deals under $150K ARR.,Competitive battlecards are three months stale the moment a competitor ships something.
DT-2026Q2-0357,DemoTech,DT-10357,Regional Sales Director,Director+,Mid-Market,"New York, NY",0–6 months,4,2025-05-04,5,3,4,4,3,4,4,3,4,4,3,5,3,3,1,5,4,2,3,3,4,2,3,3,4,4,3,3,2,4,3,4,3,3,2,3,3,3,5,3,4,4,4,3,Competitive battlecards are three months stale the moment a competitor ships something.,Staff one more SE per Enterprise pod for competitive bake-offs.,Inbound volume dropped after we changed the website — outbound isn't picking up the slack.
DT-2026Q2-0358,DemoTech,DT-10358,Mid-Market AE,Individual Contributor,Mid-Market,Remote — EMEA,2–5 years,25,2025-05-15,3,4,4,4,5,5,4,4,4,3,3,4,4,2,4,3,4,5,2,3,3,3,3,4,5,5,4,5,3,2,3,4,2,3,1,3,5,4,3,4,2,5,4,4,We say we're PLG-plus-sales but the field motion still feels like pure enterprise.,Publish a single source of truth for stage definitions and enforce it in Gong.,Territory carve-up left me with a lot of long-dormant accounts and no warm inbound.
DT-2026Q2-0359,DemoTech,DT-10359,Enterprise AE,Individual Contributor,Enterprise,"San Francisco, CA (HQ)",6–12 months,8,2025-04-19,3,4,5,3,3,4,4,5,2,4,4,3,5,4,2,4,3,4,4,4,3,2,3,5,5,3,4,3,2,1,2,4,4,4,3,3,5,3,4,3,2,5,5,4,Security questionnaire responses are copy-paste from last year and buyers catch it.,Cap legal review SLA at 5 business days for deals under $150K ARR.,My patch is geographically huge for an Enterprise rep — travel eats selling time.
DT-2026Q2-0360,DemoTech,DT-10360,Sales Manager,Front-line Manager,Enterprise,Remote — US West,0–6 months,4,2025-05-02,4,3,3,4,4,4,3,4,5,3,3,3,3,5,4,3,3,3,3,1,4,2,3,3,2,2,4,3,2,3,1,3,3,5,3,3,3,5,2,4,4,5,3,3,Security questionnaire responses are copy-paste from last year and buyers catch it.,Publish a single source of truth for stage definitions and enforce it in Gong.,
DT-2026Q2-0361,DemoTech,DT-10361,Commercial AE,Individual Contributor,Commercial,"Toronto, Canada",0–6 months,2,2025-04-01,3,3,3,3,3,5,3,4,4,4,2,3,4,1,4,3,3,3,4,3,2,4,2,2,4,4,5,2,2,2,3,2,3,2,2,4,3,3,5,3,5,3,2,3,SE coverage is thin — I wait three days for a technical win on competitive deals.,Standardize SDR-to-AE handoff notes with required fields in Salesforce.,All-hands celebrates product velocity; sellers are drowning in half-baked releases.
DT-2026Q2-0362,DemoTech,DT-10362,Strategic AE,Individual Contributor,Strategic,"Denver, CO",1–2 years,14,2025-04-15,4,4,4,3,3,3,4,4,3,4,4,3,4,3,3,5,4,3,3,4,3,4,3,5,3,3,3,2,4,2,3,4,4,4,5,3,4,2,3,4,2,4,3,3,Deal desk gives different pricing guidance depending on who is on shift.,Standardize SDR-to-AE handoff notes with required fields in Salesforce.,Security questionnaire responses are copy-paste from last year and buyers catch it.
DT-2026Q2-0363,DemoTech,DT-10363,BDR,Individual Contributor,Mid-Market,Remote — EMEA,1–2 years,14,2025-05-09,3,2,2,4,2,5,4,4,4,3,3,3,4,4,4,3,4,4,3,3,3,3,3,5,3,4,3,5,1,4,4,4,3,4,3,4,4,4,4,4,5,5,4,3,We have six different definitions of 'qualified' depending on who you ask.,Staff one more SE per Enterprise pod for competitive bake-offs.,Inbound volume dropped after we changed the website — outbound isn't picking up the slack.
DT-2026Q2-0364,DemoTech,DT-10364,SDR,Individual Contributor,Commercial,"London, UK",5+ years,106,2025-05-01,3,4,4,3,4,2,5,3,3,5,4,3,4,4,1,4,4,3,3,3,3,3,4,4,4,3,4,5,3,3,3,5,3,4,3,4,5,3,4,3,2,5,2,5,Enablement content is built for Commercial but I'm Enterprise — I adapt everything.,"Tighten MQL criteria — fewer leads, higher quality.",
DT-2026Q2-0365,DemoTech,DT-10365,Solutions Consultant,Individual Contributor,Mid-Market,Remote — US West,5+ years,115,2025-04-09,5,3,3,3,5,4,3,4,4,5,2,4,3,2,3,2,5,4,4,4,2,3,3,4,4,5,4,2,3,4,3,3,4,4,5,4,3,4,3,3,3,5,5,5,"I want more live role-play on CFO objections, not another recorded webinar.",Cap legal review SLA at 5 business days for deals under $150K ARR.,Territory carve-up left me with a lot of long-dormant accounts and no warm inbound.
DT-2026Q2-0366,DemoTech,DT-10366,Sales Manager,Front-line Manager,Commercial,Remote — Canada,1–2 years,16,2025-04-17,4,4,4,3,3,4,3,3,4,3,3,4,2,3,3,3,2,3,3,2,4,3,4,4,4,3,4,4,4,4,3,4,3,3,2,2,2,4,3,4,3,3,3,3,"My manager runs tight pipeline reviews with real coaching, not just inspection.",Standardize SDR-to-AE handoff notes with required fields in Salesforce.,
DT-2026Q2-0367,DemoTech,DT-10367,Commercial AE,Individual Contributor,Commercial,Remote — Canada,1–2 years,22,2025-04-03,4,4,4,3,4,3,4,4,3,2,2,3,3,3,3,3,2,2,4,3,4,3,2,3,4,4,5,4,4,2,3,3,3,3,4,4,3,4,2,3,5,4,2,3,Marketing promises 'demo transformation in 30 days' and buyers expect magic on call one.,Give remote reps the same GTM briefings HQ gets in hallway conversations.,Enablement content is built for Commercial but I'm Enterprise — I adapt everything.
DT-2026Q2-0368,DemoTech,DT-10368,Enterprise AE,Individual Contributor,Enterprise,"San Francisco, CA (HQ)",2–5 years,54,2025-04-14,4,4,4,3,2,3,5,5,3,2,2,2,4,5,4,4,3,4,3,4,5,2,5,4,3,3,4,2,2,4,3,4,3,3,3,5,5,5,4,4,4,4,5,4,Security questionnaire responses are copy-paste from last year and buyers catch it.,Simplify the comp plan to one page with worked examples.,"Remote reps feel last to know when GTM strategy shifts — HQ decides, field executes."
DT-2026Q2-0369,DemoTech,DT-10369,Commercial AE,Individual Contributor,Commercial,Remote — US East,0–6 months,4,2025-05-03,2,4,3,5,4,3,4,2,4,4,3,1,4,2,3,3,3,2,1,5,4,3,3,1,4,5,3,1,1,1,2,3,4,2,3,3,4,2,2,2,3,3,3,4,Legal review on enterprise deals takes 2–3 weeks and champions go dark.,"Tighten MQL criteria — fewer leads, higher quality.",We need ROI calculators for mid-market CFOs — I build them in Google Sheets weekly.
DT-2026Q2-0370,DemoTech,DT-10370,Sales Manager,Front-line Manager,Enterprise,Remote — EMEA,5+ years,105,2025-05-13,3,3,2,2,4,3,4,4,3,5,4,3,3,3,4,3,4,2,1,4,3,4,3,5,4,3,3,2,2,3,3,3,2,3,3,3,3,4,4,3,4,3,3,4,"MQLs from the last campaign were mostly students and consultants, not buyers.",Cap legal review SLA at 5 business days for deals under $150K ARR.,
DT-2026Q2-0371,DemoTech,DT-10371,Mid-Market AE,Individual Contributor,Mid-Market,"Toronto, Canada",2–5 years,52,2025-05-15,4,4,4,4,4,5,4,4,5,3,1,4,4,3,4,3,3,3,3,4,4,4,4,2,3,4,3,3,4,4,3,5,3,4,5,4,4,5,4,4,3,5,5,4,"MQLs from the last campaign were mostly students and consultants, not buyers.",Publish a single source of truth for stage definitions and enforce it in Gong.,SPIFF rules changed mid-quarter and nobody could explain the clawback logic.
DT-2026Q2-0372,DemoTech,DT-10372,CRO,Executive,Corporate / GTM,"Denver, CO",5+ years,74,2025-05-16,4,4,4,4,3,4,5,3,3,5,5,4,5,3,3,4,4,5,4,2,4,5,5,4,5,3,3,4,3,1,3,5,3,4,5,4,4,3,3,5,2,5,3,4,Security questionnaire responses are copy-paste from last year and buyers catch it.,Staff one more SE per Enterprise pod for competitive bake-offs.,Legal review on enterprise deals takes 2–3 weeks and champions go dark.
DT-2026Q2-0373,DemoTech,DT-10373,Commercial AE,Individual Contributor,Commercial,Remote — EMEA,6–12 months,8,2025-05-07,4,2,4,4,4,5,4,5,3,4,4,4,2,4,3,3,2,3,4,3,2,2,4,4,2,3,3,4,4,2,3,3,2,2,4,5,3,1,5,3,5,4,4,3,My patch is geographically huge for an Enterprise rep — travel eats selling time.,Staff one more SE per Enterprise pod for competitive bake-offs.,Product roadmap slides don't match what I hear in discovery calls.
DT-2026Q2-0374,DemoTech,DT-10374,Sales Engineer,Individual Contributor,Enterprise,Remote — US East,1–2 years,13,2025-04-26,4,3,4,5,4,4,4,4,3,3,2,4,3,4,2,2,4,2,2,3,3,3,2,3,4,3,2,4,2,3,2,4,4,2,4,4,3,3,3,4,4,3,4,3,Product marketing launches features before sales knows how to position them.,Refresh ROI and CFO content for mid-market — stop making AEs rebuild decks.,Territory carve-up left me with a lot of long-dormant accounts and no warm inbound.
DT-2026Q2-0375,DemoTech,DT-10375,Commercial AE,Individual Contributor,Commercial,Remote — Canada,5+ years,64,2025-04-27,3,4,3,4,4,5,3,4,5,4,3,5,3,3,3,2,2,3,4,3,5,3,3,3,4,4,3,3,5,3,3,3,4,2,4,1,4,3,4,4,3,4,4,5,"MQLs from the last campaign were mostly students and consultants, not buyers.",Refresh ROI and CFO content for mid-market — stop making AEs rebuild decks.,Marketing promises 'demo transformation in 30 days' and buyers expect magic on call one.
DT-2026Q2-0376,DemoTech,DT-10376,Sales Enablement Manager,Individual Contributor,Corporate / GTM,"Denver, CO",1–2 years,13,2025-04-26,3,5,3,5,5,5,4,2,4,5,4,4,4,3,4,2,3,5,2,3,4,5,4,5,5,3,5,5,4,4,3,1,4,4,4,4,4,4,3,4,3,5,3,5,"MQLs from the last campaign were mostly students and consultants, not buyers.",Standardize SDR-to-AE handoff notes with required fields in Salesforce.,We say we're PLG-plus-sales but the field motion still feels like pure enterprise.
DT-2026Q2-0377,DemoTech,DT-10377,RevOps Analyst,Individual Contributor,Corporate / GTM,Remote — US West,6–12 months,10,2025-05-10,3,3,4,4,4,5,4,4,4,5,2,2,3,3,2,4,4,4,3,3,1,4,3,4,4,3,3,3,3,3,4,4,5,4,3,4,2,3,5,2,3,5,4,4,The Commercial team culture is strong — people share what works on Slack.,Refresh ROI and CFO content for mid-market — stop making AEs rebuild decks.,
DT-2026Q2-0378,DemoTech,DT-10378,Commercial AE,Individual Contributor,Commercial,"Toronto, Canada",0–6 months,2,2025-04-04,3,3,3,5,2,3,5,3,4,4,4,3,3,2,3,3,2,3,3,5,2,5,3,2,3,1,3,4,2,3,2,2,3,4,3,4,2,3,3,4,3,4,3,5,Comp plan deck was 40 slides; I still don't know how renewals affect my number.,Cap legal review SLA at 5 business days for deals under $150K ARR.,We need ROI calculators for mid-market CFOs — I build them in Google Sheets weekly.
DT-2026Q2-0379,DemoTech,DT-10379,Enterprise AE,Individual Contributor,Enterprise,"Toronto, Canada",2–5 years,58,2025-04-27,4,3,4,2,4,3,4,4,4,3,2,4,4,3,5,3,3,3,2,5,3,4,4,5,4,4,4,4,2,2,4,5,3,4,3,4,4,4,5,4,4,5,4,4,"MQLs from the last campaign were mostly students and consultants, not buyers.",Build demo environment stability into our own dogfooding SLA.,Legal review on enterprise deals takes 2–3 weeks and champions go dark.
DT-2026Q2-0380,DemoTech,DT-10380,Enterprise AE,Individual Contributor,Enterprise,Remote — US West,1–2 years,24,2025-05-02,4,4,3,5,3,5,5,4,4,4,4,2,4,3,5,4,4,3,3,4,3,3,3,4,4,4,3,3,5,3,3,3,3,3,3,4,5,3,4,3,5,4,3,4,All-hands celebrates product velocity; sellers are drowning in half-baked releases.,Standardize SDR-to-AE handoff notes with required fields in Salesforce.,Partner referrals arrive with no context and unrealistic close timelines.
DT-2026Q2-0381,DemoTech,DT-10381,Commercial AE,Individual Contributor,Commercial,"Austin, TX",6–12 months,10,2025-04-15,4,2,4,3,4,5,4,5,5,4,3,3,4,4,4,4,4,4,4,3,4,3,4,4,4,3,3,3,3,3,3,3,3,4,3,3,3,4,4,4,3,5,1,5,Security questionnaire responses are copy-paste from last year and buyers catch it.,Build demo environment stability into our own dogfooding SLA.,We say we're PLG-plus-sales but the field motion still feels like pure enterprise.
DT-2026Q2-0382,DemoTech,DT-10382,BDR,Individual Contributor,Mid-Market,"Austin, TX",0–6 months,2,2025-05-18,3,4,3,3,3,4,3,5,4,3,3,4,1,2,4,4,3,2,3,4,4,4,4,4,4,4,3,2,1,1,4,3,2,3,4,3,4,3,3,4,3,5,5,4,SE coverage is thin — I wait three days for a technical win on competitive deals.,Give remote reps the same GTM briefings HQ gets in hallway conversations.,"I want more live role-play on CFO objections, not another recorded webinar."
DT-2026Q2-0383,DemoTech,DT-10383,Enterprise AE,Individual Contributor,Enterprise,"San Francisco, CA (HQ)",1–2 years,23,2025-05-24,4,4,2,4,4,5,5,4,5,5,5,2,3,4,5,2,4,5,3,3,5,3,4,3,3,5,2,3,3,2,3,3,2,4,3,3,4,3,5,4,4,3,5,4,Security questionnaire responses are copy-paste from last year and buyers catch it.,Standardize SDR-to-AE handoff notes with required fields in Salesforce.,Product roadmap slides don't match what I hear in discovery calls.
DT-2026Q2-0384,DemoTech,DT-10384,Commercial AE,Individual Contributor,Commercial,"Denver, CO",1–2 years,19,2025-04-07,5,4,3,4,4,3,5,2,4,4,3,3,4,3,3,3,3,3,2,3,3,3,3,4,2,3,3,4,3,3,3,3,2,3,4,2,4,4,4,2,3,3,4,3,"MQLs from the last campaign were mostly students and consultants, not buyers.",Staff one more SE per Enterprise pod for competitive bake-offs.,
DT-2026Q2-0385,DemoTech,DT-10385,SDR,Individual Contributor,Commercial,Remote — EMEA,1–2 years,24,2025-04-18,4,2,3,4,4,5,4,3,5,5,3,2,1,4,3,3,4,2,5,4,4,1,2,4,3,4,4,3,3,2,1,4,4,3,4,2,4,4,4,4,3,3,4,3,SE coverage is thin — I wait three days for a technical win on competitive deals.,Run monthly live objection labs instead of async enablement modules.,Onboarding was strong on product but weak on enterprise procurement cycles.
DT-2026Q2-0386,DemoTech,DT-10386,SDR,Individual Contributor,Commercial,"Toronto, Canada",2–5 years,51,2025-05-01,5,4,4,4,3,4,2,5,2,4,4,5,2,4,3,3,4,4,4,2,3,2,2,4,2,4,3,4,2,2,3,3,3,3,4,2,5,4,5,2,3,4,5,5,Partner referrals arrive with no context and unrealistic close timelines.,Standardize SDR-to-AE handoff notes with required fields in Salesforce.,Security questionnaire responses are copy-paste from last year and buyers catch it.
DT-2026Q2-0387,DemoTech,DT-10387,Sales Manager,Front-line Manager,Commercial,Remote — US East,0–6 months,5,2025-04-14,3,3,3,3,2,3,2,3,4,3,3,3,4,5,2,2,3,1,3,2,4,2,3,3,2,3,3,3,2,2,2,3,2,3,3,3,2,2,3,3,2,4,3,3,Our demo platform is genuinely best-in-class — buyers feel it on the first call.,Refresh ROI and CFO content for mid-market — stop making AEs rebuild decks.,RevOps fixed forecasting dashboards this quarter and it saved me hours every week.
DT-2026Q2-0388,DemoTech,DT-10388,SDR,Individual Contributor,Commercial,"Austin, TX",5+ years,87,2025-04-22,4,3,4,4,3,3,5,5,5,4,5,2,4,4,4,2,4,3,4,5,3,4,1,3,4,4,4,3,3,3,2,4,4,3,3,3,3,4,4,3,3,5,4,3,SE coverage is thin — I wait three days for a technical win on competitive deals.,"Tighten MQL criteria — fewer leads, higher quality.",Marketing promises 'demo transformation in 30 days' and buyers expect magic on call one.
DT-2026Q2-0389,DemoTech,DT-10389,Strategic AE,Individual Contributor,Strategic,Remote — US East,2–5 years,42,2025-04-08,5,2,3,5,3,4,3,5,3,4,3,3,3,3,5,3,3,3,2,4,4,1,2,4,4,4,3,3,5,2,3,3,4,4,3,3,4,4,3,4,3,4,2,4,"MQLs from the last campaign were mostly students and consultants, not buyers.",Refresh ROI and CFO content for mid-market — stop making AEs rebuild decks.,
DT-2026Q2-0390,DemoTech,DT-10390,Commercial AE,Individual Contributor,Commercial,Remote — Canada,5+ years,99,2025-04-19,4,3,4,3,4,5,4,2,3,4,3,2,4,5,3,3,3,4,5,4,4,2,3,3,4,5,4,4,5,4,3,3,4,3,5,4,3,2,4,4,4,4,4,2,Territory carve-up left me with a lot of long-dormant accounts and no warm inbound.,Cap legal review SLA at 5 business days for deals under $150K ARR.,
DT-2026Q2-0391,DemoTech,DT-10391,Enterprise AE,Individual Contributor,Enterprise,"Denver, CO",1–2 years,13,2025-04-17,4,3,4,5,3,4,3,3,3,3,3,4,4,2,5,5,2,5,3,3,4,4,4,5,3,4,3,2,2,2,3,3,4,3,5,3,5,3,5,4,3,5,4,4,SE coverage is thin — I wait three days for a technical win on competitive deals.,Standardize SDR-to-AE handoff notes with required fields in Salesforce.,Gong insights are great but nothing feeds back into Salesforce automatically.
DT-2026Q2-0392,DemoTech,DT-10392,Mid-Market AE,Individual Contributor,Mid-Market,Remote — EMEA,1–2 years,18,2025-05-05,3,2,3,1,3,5,3,5,3,4,3,3,5,3,2,3,3,3,4,4,3,4,1,4,4,4,4,1,3,3,2,2,3,2,3,2,3,3,3,4,3,2,4,3,Deal desk gives different pricing guidance depending on who is on shift.,Simplify the comp plan to one page with worked examples.,Forecasting feels like a political exercise instead of an honest pipeline review.
DT-2026Q2-0393,DemoTech,DT-10393,Mid-Market AE,Individual Contributor,Mid-Market,"San Francisco, CA (HQ)",1–2 years,21,2025-05-28,4,4,5,3,5,3,4,4,4,3,4,2,5,3,5,1,4,4,4,3,3,3,3,5,4,4,4,2,3,3,2,5,3,2,3,5,4,5,3,3,4,5,4,4,Security questionnaire responses are copy-paste from last year and buyers catch it.,Standardize SDR-to-AE handoff notes with required fields in Salesforce.,Territory carve-up left me with a lot of long-dormant accounts and no warm inbound.
DT-2026Q2-0394,DemoTech,DT-10394,Enterprise AE,Individual Contributor,Enterprise,"San Francisco, CA (HQ)",2–5 years,45,2025-05-04,1,3,4,4,5,3,5,4,3,4,3,3,5,5,4,3,2,4,2,3,3,5,4,3,4,4,3,3,3,2,3,3,3,4,5,3,3,4,4,5,3,4,4,4,Marketing promises 'demo transformation in 30 days' and buyers expect magic on call one.,"Tighten MQL criteria — fewer leads, higher quality.",Security questionnaire responses are copy-paste from last year and buyers catch it.
DT-2026Q2-0395,DemoTech,DT-10395,GTM Marketing Manager,Individual Contributor,Corporate / GTM,"San Francisco, CA (HQ)",2–5 years,27,2025-04-20,4,3,5,2,2,2,5,4,5,5,4,4,4,4,4,4,4,3,3,4,4,4,3,4,3,4,4,3,3,4,3,4,3,4,3,3,3,2,5,4,5,3,5,3,Our demo platform is genuinely best-in-class — buyers feel it on the first call.,Cap legal review SLA at 5 business days for deals under $150K ARR.,Our demo platform is genuinely best-in-class — buyers feel it on the first call.
DT-2026Q2-0396,DemoTech,DT-10396,Regional Sales Director,Director+,Mid-Market,"Toronto, Canada",2–5 years,42,2025-05-26,3,4,2,5,4,5,4,3,5,4,5,4,5,4,4,3,4,2,5,4,3,4,4,4,4,5,4,5,3,4,2,3,3,3,4,3,4,4,4,4,4,5,4,3,The Commercial team culture is strong — people share what works on Slack.,Publish a single source of truth for stage definitions and enforce it in Gong.,The Commercial team culture is strong — people share what works on Slack.
DT-2026Q2-0397,DemoTech,DT-10397,Commercial AE,Individual Contributor,Commercial,"Denver, CO",2–5 years,54,2025-05-19,3,4,4,4,3,4,4,4,4,3,5,5,3,5,3,3,3,5,4,3,4,4,4,2,4,5,3,4,3,3,2,3,3,3,3,4,5,3,4,3,2,5,3,3,RevOps fixed forecasting dashboards this quarter and it saved me hours every week.,Build demo environment stability into our own dogfooding SLA.,The Commercial team culture is strong — people share what works on Slack.
DT-2026Q2-0398,DemoTech,DT-10398,Strategic AE,Individual Contributor,Strategic,Remote — US West,0–6 months,4,2025-04-26,3,3,3,3,4,3,3,2,4,3,3,4,4,3,3,3,4,2,3,3,3,1,1,4,3,3,2,2,2,3,2,4,2,3,3,3,3,4,3,3,3,3,5,2,Partner referrals arrive with no context and unrealistic close timelines.,Give remote reps the same GTM briefings HQ gets in hallway conversations.,Legal review on enterprise deals takes 2–3 weeks and champions go dark.
DT-2026Q2-0399,DemoTech,DT-10399,Sales Manager,Front-line Manager,Enterprise,Remote — Canada,2–5 years,52,2025-05-28,3,2,3,4,4,4,5,3,3,4,3,3,4,3,2,3,5,3,3,2,3,3,3,5,4,3,4,3,2,3,3,5,4,4,3,3,3,3,4,4,4,5,3,3,Inbound volume dropped after we changed the website — outbound isn't picking up the slack.,"Tighten MQL criteria — fewer leads, higher quality.",
DT-2026Q2-0400,DemoTech,DT-10400,Sales Engineer,Individual Contributor,Enterprise,Remote — US East,1–2 years,22,2025-04-09,4,4,4,5,4,5,5,3,4,4,4,4,3,5,4,3,3,5,2,3,3,4,3,3,2,3,5,3,2,3,4,4,3,3,2,5,3,4,3,2,4,5,3,4,Deal desk gives different pricing guidance depending on who is on shift.,Refresh ROI and CFO content for mid-market — stop making AEs rebuild decks.,We say we're PLG-plus-sales but the field motion still feels like pure enterprise.
DT-2026Q2-0401,DemoTech,DT-10401,BDR,Individual Contributor,Mid-Market,Remote — US West,5+ years,107,2025-04-05,2,3,4,5,2,4,4,4,2,5,3,3,3,3,3,3,3,3,3,3,2,3,3,3,4,2,4,2,5,4,3,5,4,3,3,2,3,4,2,5,4,3,4,5,My patch is geographically huge for an Enterprise rep — travel eats selling time.,Refresh ROI and CFO content for mid-market — stop making AEs rebuild decks.,
DT-2026Q2-0402,DemoTech,DT-10402,Enterprise AE,Individual Contributor,Enterprise,"Toronto, Canada",2–5 years,50,2025-05-14,4,3,3,4,3,4,5,5,5,4,3,3,3,3,3,5,4,3,4,3,5,4,5,3,5,4,3,2,3,3,3,3,5,5,4,4,3,4,4,5,3,3,4,4,Legal review on enterprise deals takes 2–3 weeks and champions go dark.,Run monthly live objection labs instead of async enablement modules.,"I want more live role-play on CFO objections, not another recorded webinar."
DT-2026Q2-0403,DemoTech,DT-10403,Commercial AE,Individual Contributor,Commercial,"San Francisco, CA (HQ)",0–6 months,1,2025-04-22,2,4,5,3,4,4,3,3,5,3,3,5,4,3,2,3,2,3,4,2,1,3,4,4,3,2,5,3,3,3,3,3,2,1,4,5,3,3,3,5,2,3,4,3,The Commercial team culture is strong — people share what works on Slack.,Simplify the comp plan to one page with worked examples.,RevOps fixed forecasting dashboards this quarter and it saved me hours every week.
DT-2026Q2-0404,DemoTech,DT-10404,Enterprise AE,Individual Contributor,Enterprise,Remote — Canada,2–5 years,49,2025-04-22,1,3,5,2,3,4,4,4,3,4,4,4,3,3,3,3,3,4,1,3,3,4,2,3,3,5,4,2,3,3,2,4,4,3,2,4,4,2,4,3,4,4,3,4,"My manager runs tight pipeline reviews with real coaching, not just inspection.",Cap legal review SLA at 5 business days for deals under $150K ARR.,
DT-2026Q2-0405,DemoTech,DT-10405,Commercial AE,Individual Contributor,Commercial,Remote — EMEA,2–5 years,55,2025-05-01,5,5,4,4,5,2,5,4,5,2,4,2,1,4,3,3,2,2,3,5,2,3,4,5,3,4,3,2,4,3,4,2,4,5,5,4,2,2,3,4,4,3,3,3,We need ROI calculators for mid-market CFOs — I build them in Google Sheets weekly.,Publish a single source of truth for stage definitions and enforce it in Gong.,Marketing promises 'demo transformation in 30 days' and buyers expect magic on call one.
DT-2026Q2-0406,DemoTech,DT-10406,Commercial AE,Individual Contributor,Commercial,Remote — US West,2–5 years,58,2025-04-10,3,4,4,5,3,5,4,5,5,4,2,3,4,4,4,3,4,2,4,4,3,4,3,3,3,2,4,3,5,4,2,3,3,4,3,3,4,4,4,4,4,3,3,4,Accelerators kick in too late — I don't feel rewarded for landing lighthouse logos.,Staff one more SE per Enterprise pod for competitive bake-offs.,
DT-2026Q2-0407,DemoTech,DT-10407,SDR,Individual Contributor,Commercial,Remote — US West,2–5 years,58,2025-04-07,5,4,3,2,3,5,5,3,4,3,3,3,3,3,4,3,3,2,2,3,3,2,2,4,4,3,4,2,3,2,3,4,3,2,3,3,5,3,5,3,3,4,3,4,We need ROI calculators for mid-market CFOs — I build them in Google Sheets weekly.,Run monthly live objection labs instead of async enablement modules.,My patch is geographically huge for an Enterprise rep — travel eats selling time.
DT-2026Q2-0408,DemoTech,DT-10408,Enterprise AE,Individual Contributor,Enterprise,Remote — Canada,5+ years,120,2025-05-05,4,4,4,4,4,5,4,4,4,4,2,4,5,4,4,1,3,4,3,2,3,3,4,3,3,4,3,3,2,2,2,3,3,3,4,2,2,3,4,2,3,4,3,3,Deal desk gives different pricing guidance depending on who is on shift.,Run monthly live objection labs instead of async enablement modules.,Product marketing launches features before sales knows how to position them.
DT-2026Q2-0409,DemoTech,DT-10409,BDR,Individual Contributor,Mid-Market,Remote — EMEA,6–12 months,9,2025-05-14,3,3,3,3,3,4,4,4,4,4,2,2,5,3,3,2,3,2,4,2,2,2,4,2,5,4,3,3,3,3,2,4,4,2,3,3,3,3,3,2,4,5,4,3,My patch is geographically huge for an Enterprise rep — travel eats selling time.,Cap legal review SLA at 5 business days for deals under $150K ARR.,Product marketing launches features before sales knows how to position them.
DT-2026Q2-0410,DemoTech,DT-10410,Solutions Consultant,Individual Contributor,Mid-Market,"Denver, CO",2–5 years,27,2025-05-16,3,5,3,4,4,3,5,4,4,4,3,4,4,4,4,2,3,4,3,4,4,3,3,4,4,4,3,3,4,3,3,5,4,4,5,4,4,4,5,5,5,4,3,2,We need ROI calculators for mid-market CFOs — I build them in Google Sheets weekly.,Standardize SDR-to-AE handoff notes with required fields in Salesforce.,Security questionnaire responses are copy-paste from last year and buyers catch it.
DT-2026Q2-0411,DemoTech,DT-10411,SDR,Individual Contributor,Commercial,Remote — US West,5+ years,110,2025-04-24,5,4,4,3,3,4,5,3,5,3,3,3,3,3,4,3,3,5,5,3,1,4,4,3,4,4,4,4,3,4,2,2,2,5,2,4,4,5,3,2,4,5,5,3,Product roadmap slides don't match what I hear in discovery calls.,Publish a single source of truth for stage definitions and enforce it in Gong.,Territory carve-up left me with a lot of long-dormant accounts and no warm inbound.
DT-2026Q2-0412,DemoTech,DT-10412,Commercial AE,Individual Contributor,Commercial,"Toronto, Canada",5+ years,103,2025-05-21,5,5,4,4,2,5,4,5,4,4,4,5,2,5,4,3,4,2,3,3,3,3,3,3,4,4,3,3,5,2,3,4,4,4,4,4,3,4,3,4,4,4,4,4,We need ROI calculators for mid-market CFOs — I build them in Google Sheets weekly.,Give remote reps the same GTM briefings HQ gets in hallway conversations.,Territory carve-up left me with a lot of long-dormant accounts and no warm inbound.
DT-2026Q2-0413,DemoTech,DT-10413,Strategic AE,Individual Contributor,Strategic,"London, UK",5+ years,74,2025-05-26,4,4,5,4,4,4,3,5,5,4,4,3,5,5,2,2,3,2,3,3,4,3,4,3,3,4,4,1,1,4,5,4,4,2,3,5,4,3,4,3,3,2,4,5,"My manager runs tight pipeline reviews with real coaching, not just inspection.",Give remote reps the same GTM briefings HQ gets in hallway conversations.,
DT-2026Q2-0414,DemoTech,DT-10414,Enterprise AE,Individual Contributor,Enterprise,Remote — US West,1–2 years,22,2025-04-04,2,4,4,4,3,5,5,4,3,3,3,3,2,4,4,3,2,5,3,3,3,3,3,3,5,4,4,1,1,1,2,3,3,2,2,3,4,3,4,4,5,4,5,3,Legal review on enterprise deals takes 2–3 weeks and champions go dark.,Publish a single source of truth for stage definitions and enforce it in Gong.,
DT-2026Q2-0415,DemoTech,DT-10415,Commercial AE,Individual Contributor,Commercial,"New York, NY",2–5 years,38,2025-05-25,3,5,4,3,4,5,3,4,4,5,4,4,4,3,3,2,3,4,3,3,3,4,3,3,3,4,4,3,4,4,3,5,3,5,3,3,3,4,3,4,4,4,4,3,We need ROI calculators for mid-market CFOs — I build them in Google Sheets weekly.,Refresh ROI and CFO content for mid-market — stop making AEs rebuild decks.,Partner referrals arrive with no context and unrealistic close timelines.
DT-2026Q2-0416,DemoTech,DT-10416,SDR,Individual Contributor,Commercial,"New York, NY",6–12 months,10,2025-05-18,2,4,4,3,4,3,4,4,3,3,3,4,3,4,5,3,3,3,4,2,3,2,3,3,4,3,4,3,4,3,5,4,3,4,2,2,4,3,3,5,4,5,5,4,RevOps fixed forecasting dashboards this quarter and it saved me hours every week.,Give remote reps the same GTM briefings HQ gets in hallway conversations.,The Commercial team culture is strong — people share what works on Slack.
DT-2026Q2-0417,DemoTech,DT-10417,SDR,Individual Contributor,Commercial,"Toronto, Canada",2–5 years,34,2025-04-04,5,4,4,3,4,4,5,4,5,5,4,5,5,5,4,4,3,3,3,2,4,3,3,3,4,4,4,4,3,4,2,5,4,3,4,3,4,3,4,4,4,5,3,5,My patch is geographically huge for an Enterprise rep — travel eats selling time.,Standardize SDR-to-AE handoff notes with required fields in Salesforce.,Product marketing launches features before sales knows how to position them.
DT-2026Q2-0418,DemoTech,DT-10418,Mid-Market AE,Individual Contributor,Mid-Market,"London, UK",6–12 months,7,2025-05-08,3,4,3,2,4,3,4,3,3,3,3,4,2,4,3,4,1,5,3,4,4,3,3,3,4,5,4,2,2,2,3,4,4,3,3,5,3,3,5,3,5,3,3,4,Deal desk gives different pricing guidance depending on who is on shift.,Refresh ROI and CFO content for mid-market — stop making AEs rebuild decks.,We have six different definitions of 'qualified' depending on who you ask.
DT-2026Q2-0419,DemoTech,DT-10419,BDR,Individual Contributor,Mid-Market,Remote — Canada,2–5 years,46,2025-04-05,3,5,3,1,2,4,4,5,5,4,4,2,3,4,2,2,3,4,3,2,2,4,3,5,3,4,4,3,2,3,3,5,4,3,3,3,3,4,4,3,2,5,3,3,"My manager runs tight pipeline reviews with real coaching, not just inspection.",Standardize SDR-to-AE handoff notes with required fields in Salesforce.,"My manager runs tight pipeline reviews with real coaching, not just inspection."
DT-2026Q2-0420,DemoTech,DT-10420,Mid-Market AE,Individual Contributor,Mid-Market,Remote — US West,0–6 months,6,2025-04-25,3,3,4,4,2,4,2,3,3,3,3,2,5,5,4,3,3,4,3,2,3,4,4,2,4,3,2,3,2,3,3,3,3,3,4,2,2,2,4,3,2,3,2,1,RevOps fixed forecasting dashboards this quarter and it saved me hours every week.,"Tighten MQL criteria — fewer leads, higher quality.",
DT-2026Q2-0421,DemoTech,DT-10421,Enterprise AE,Individual Contributor,Enterprise,"New York, NY",2–5 years,53,2025-04-14,3,3,4,4,4,4,4,4,4,3,5,5,4,5,4,3,3,3,4,5,4,5,3,4,5,2,4,4,2,4,2,3,4,4,4,4,4,4,5,4,5,5,5,4,Legal review on enterprise deals takes 2–3 weeks and champions go dark.,Standardize SDR-to-AE handoff notes with required fields in Salesforce.,We need ROI calculators for mid-market CFOs — I build them in Google Sheets weekly.
DT-2026Q2-0422,DemoTech,DT-10422,Enterprise AE,Individual Contributor,Enterprise,"Austin, TX",5+ years,63,2025-04-17,2,3,5,2,3,5,5,4,5,3,4,4,5,3,4,5,4,3,3,4,4,4,4,4,1,4,5,4,3,3,3,3,5,4,5,4,5,4,4,4,3,3,3,5,"My manager runs tight pipeline reviews with real coaching, not just inspection.",Cap legal review SLA at 5 business days for deals under $150K ARR.,
DT-2026Q2-0423,DemoTech,DT-10423,Enterprise AE,Individual Contributor,Enterprise,"San Francisco, CA (HQ)",6–12 months,11,2025-04-10,4,4,2,3,3,4,3,4,4,3,4,3,2,3,3,4,3,3,3,3,4,3,3,3,4,4,3,2,3,3,2,5,4,4,4,3,5,4,2,4,3,5,3,4,Deal desk gives different pricing guidance depending on who is on shift.,Publish a single source of truth for stage definitions and enforce it in Gong.,
DT-2026Q2-0424,DemoTech,DT-10424,Mid-Market AE,Individual Contributor,Mid-Market,"London, UK",5+ years,61,2025-04-21,3,4,4,2,3,4,4,3,2,4,3,4,1,3,2,2,4,3,5,3,3,4,5,3,4,5,2,3,4,3,3,3,4,4,4,3,3,4,4,3,4,4,5,3,Competitive battlecards are three months stale the moment a competitor ships something.,Standardize SDR-to-AE handoff notes with required fields in Salesforce.,
DT-2026Q2-0425,DemoTech,DT-10425,Commercial AE,Individual Contributor,Commercial,Remote — US West,5+ years,77,2025-04-26,3,3,4,2,5,4,4,3,3,3,5,3,4,4,4,4,4,4,4,4,3,3,3,5,4,5,3,4,1,3,2,3,2,3,4,4,5,4,3,5,4,5,4,2,Deal desk gives different pricing guidance depending on who is on shift.,Standardize SDR-to-AE handoff notes with required fields in Salesforce.,
DT-2026Q2-0426,DemoTech,DT-10426,Sales Enablement Manager,Individual Contributor,Corporate / GTM,"Toronto, Canada",6–12 months,10,2025-04-06,4,3,5,5,4,3,5,5,3,2,3,4,4,3,5,4,4,3,4,3,3,5,4,4,5,4,4,2,1,3,4,3,3,4,2,4,3,3,4,5,3,3,4,5,Security questionnaire responses are copy-paste from last year and buyers catch it.,Simplify the comp plan to one page with worked examples.,Product roadmap slides don't match what I hear in discovery calls.
DT-2026Q2-0427,DemoTech,DT-10427,Enterprise AE,Individual Contributor,Enterprise,"Denver, CO",1–2 years,22,2025-04-22,4,4,3,2,4,3,5,4,4,3,5,4,2,3,5,2,3,3,3,2,3,5,3,2,3,3,3,2,2,3,2,3,4,4,4,4,3,4,4,3,4,4,3,5,"My manager runs tight pipeline reviews with real coaching, not just inspection.","Tighten MQL criteria — fewer leads, higher quality.",
DT-2026Q2-0428,DemoTech,DT-10428,SDR,Individual Contributor,Commercial,Remote — Canada,5+ years,64,2025-04-12,3,4,3,4,3,4,3,2,4,4,3,2,4,3,3,3,3,4,3,1,3,4,3,4,5,4,3,4,2,5,3,4,3,3,3,5,4,3,4,3,3,4,4,4,Inbound volume dropped after we changed the website — outbound isn't picking up the slack.,Refresh ROI and CFO content for mid-market — stop making AEs rebuild decks.,
DT-2026Q2-0429,DemoTech,DT-10429,Enterprise AE,Individual Contributor,Enterprise,"Toronto, Canada",2–5 years,43,2025-05-06,5,3,3,5,4,3,5,5,4,4,3,4,5,3,4,4,1,4,2,3,4,4,2,4,4,4,3,2,3,2,3,5,4,3,5,4,4,1,4,4,4,5,2,3,SE coverage is thin — I wait three days for a technical win on competitive deals.,Publish a single source of truth for stage definitions and enforce it in Gong.,Marketing promises 'demo transformation in 30 days' and buyers expect magic on call one.
DT-2026Q2-0430,DemoTech,DT-10430,Enterprise AE,Individual Contributor,Enterprise,"San Francisco, CA (HQ)",0–6 months,2,2025-04-07,3,4,3,3,4,4,5,4,3,3,3,4,2,4,3,2,4,3,2,4,4,3,5,3,3,3,4,2,3,2,2,3,2,4,2,4,3,3,3,4,3,5,5,4,Deal desk gives different pricing guidance depending on who is on shift.,Refresh ROI and CFO content for mid-market — stop making AEs rebuild decks.,
DT-2026Q2-0431,DemoTech,DT-10431,Strategic AE,Individual Contributor,Strategic,"New York, NY",5+ years,103,2025-05-16,3,4,3,4,4,5,5,3,5,5,4,4,3,3,3,3,5,4,4,4,4,4,2,4,4,4,3,2,3,4,4,4,3,4,3,4,5,5,3,4,3,4,4,4,SE coverage is thin — I wait three days for a technical win on competitive deals.,Build demo environment stability into our own dogfooding SLA.,Onboarding was strong on product but weak on enterprise procurement cycles.
DT-2026Q2-0432,DemoTech,DT-10432,SDR,Individual Contributor,Commercial,"Denver, CO",1–2 years,18,2025-04-19,4,3,3,2,4,4,5,5,3,3,4,3,4,5,4,2,3,4,2,3,2,3,5,5,5,3,4,3,3,2,4,4,3,5,3,4,2,4,4,5,4,4,4,4,"MQLs from the last campaign were mostly students and consultants, not buyers.",Refresh ROI and CFO content for mid-market — stop making AEs rebuild decks.,Deal desk gives different pricing guidance depending on who is on shift.
DT-2026Q2-0433,DemoTech,DT-10433,Enterprise AE,Individual Contributor,Enterprise,"Toronto, Canada",5+ years,85,2025-05-14,4,5,3,5,4,5,3,3,4,4,3,4,4,4,4,4,3,4,3,4,4,3,3,4,3,4,3,3,3,3,4,4,4,3,5,3,5,4,3,5,3,3,4,5,Security questionnaire responses are copy-paste from last year and buyers catch it.,Give remote reps the same GTM briefings HQ gets in hallway conversations.,Marketing promises 'demo transformation in 30 days' and buyers expect magic on call one.
DT-2026Q2-0434,DemoTech,DT-10434,Commercial AE,Individual Contributor,Commercial,"Toronto, Canada",5+ years,107,2025-05-28,4,3,4,3,3,3,5,5,4,4,2,4,5,3,4,4,2,4,3,4,2,3,3,5,3,4,4,3,4,4,2,2,4,2,4,4,4,4,4,3,5,3,5,3,Partner referrals arrive with no context and unrealistic close timelines.,Publish a single source of truth for stage definitions and enforce it in Gong.,All-hands celebrates product velocity; sellers are drowning in half-baked releases.
DT-2026Q2-0435,DemoTech,DT-10435,Sales Manager,Front-line Manager,Enterprise,"Denver, CO",6–12 months,8,2025-05-28,2,4,5,4,5,5,3,4,4,3,3,3,4,2,3,5,4,2,3,3,5,3,3,5,5,4,4,3,3,2,2,3,5,4,3,3,4,4,3,4,4,3,3,2,Our demo platform is genuinely best-in-class — buyers feel it on the first call.,Refresh ROI and CFO content for mid-market — stop making AEs rebuild decks.,
DT-2026Q2-0436,DemoTech,DT-10436,Sales Manager,Front-line Manager,Enterprise,"San Francisco, CA (HQ)",6–12 months,12,2025-04-02,3,4,4,4,4,3,4,2,4,5,4,4,4,4,3,4,3,4,5,3,3,3,3,4,4,3,4,3,3,2,4,2,3,3,2,3,3,3,3,3,4,5,2,5,"Remote reps feel last to know when GTM strategy shifts — HQ decides, field executes.",Staff one more SE per Enterprise pod for competitive bake-offs.,My patch is geographically huge for an Enterprise rep — travel eats selling time.
DT-2026Q2-0437,DemoTech,DT-10437,Regional Sales Director,Director+,Strategic,Remote — US East,1–2 years,24,2025-04-22,4,4,3,3,3,4,5,4,3,4,3,3,3,4,3,2,3,5,4,3,2,2,3,4,3,4,2,3,2,3,4,4,4,2,2,4,3,3,4,3,4,5,4,5,My patch is geographically huge for an Enterprise rep — travel eats selling time.,"Tighten MQL criteria — fewer leads, higher quality.",SE coverage is thin — I wait three days for a technical win on competitive deals.
DT-2026Q2-0438,DemoTech,DT-10438,Commercial AE,Individual Contributor,Commercial,"New York, NY",2–5 years,28,2025-04-11,4,4,5,3,4,4,3,4,4,4,5,3,5,5,5,3,4,2,3,3,3,4,2,4,4,3,4,3,3,4,2,4,4,4,4,4,4,3,4,4,4,4,4,5,Marketing promises 'demo transformation in 30 days' and buyers expect magic on call one.,Run monthly live objection labs instead of async enablement modules.,
DT-2026Q2-0439,DemoTech,DT-10439,Mid-Market AE,Individual Contributor,Mid-Market,Remote — US East,5+ years,67,2025-05-04,3,2,3,4,3,3,4,3,3,4,2,2,2,5,4,4,4,3,3,4,4,3,4,5,3,3,4,2,3,3,4,2,3,3,3,3,5,4,3,4,4,4,2,4,The Commercial team culture is strong — people share what works on Slack.,Standardize SDR-to-AE handoff notes with required fields in Salesforce.,
DT-2026Q2-0440,DemoTech,DT-10440,SDR,Individual Contributor,Commercial,"New York, NY",1–2 years,15,2025-05-01,4,4,3,4,3,3,5,2,3,3,4,3,3,4,3,2,4,3,4,4,3,3,3,4,5,3,3,4,4,2,3,4,4,3,5,4,4,5,3,4,3,4,3,4,Ironically our internal demo environment crashes more than I'd like on live calls.,Give remote reps the same GTM briefings HQ gets in hallway conversations.,
DT-2026Q2-0441,DemoTech,DT-10441,Commercial AE,Individual Contributor,Commercial,"San Francisco, CA (HQ)",5+ years,105,2025-04-01,2,3,5,4,4,4,5,4,4,3,4,3,5,5,4,4,2,2,4,3,2,4,4,5,4,2,4,3,4,4,2,3,3,3,3,3,3,2,3,5,4,4,3,2,We need ROI calculators for mid-market CFOs — I build them in Google Sheets weekly.,Staff one more SE per Enterprise pod for competitive bake-offs.,"MQLs from the last campaign were mostly students and consultants, not buyers."
DT-2026Q2-0442,DemoTech,DT-10442,Enterprise AE,Individual Contributor,Enterprise,"San Francisco, CA (HQ)",2–5 years,39,2025-04-09,3,3,3,4,4,3,3,4,3,4,4,4,3,3,2,5,3,3,2,4,4,4,4,4,4,4,5,1,4,3,2,3,4,3,4,3,5,3,3,3,5,5,5,4,RevOps fixed forecasting dashboards this quarter and it saved me hours every week.,Build demo environment stability into our own dogfooding SLA.,RevOps fixed forecasting dashboards this quarter and it saved me hours every week.
DT-2026Q2-0443,DemoTech,DT-10443,Sales Manager,Front-line Manager,Mid-Market,"San Francisco, CA (HQ)",2–5 years,31,2025-05-26,3,4,4,3,2,4,5,5,4,3,4,3,2,3,3,4,2,2,3,3,4,3,4,5,3,4,4,3,3,3,3,3,2,5,4,5,3,3,3,2,5,4,3,3,Marketing promises 'demo transformation in 30 days' and buyers expect magic on call one.,Publish a single source of truth for stage definitions and enforce it in Gong.,Enablement content is built for Commercial but I'm Enterprise — I adapt everything.
DT-2026Q2-0444,DemoTech,DT-10444,Mid-Market AE,Individual Contributor,Mid-Market,"Austin, TX",1–2 years,22,2025-05-13,3,5,4,5,5,4,4,5,5,3,3,5,5,5,3,4,2,3,4,3,5,3,4,3,5,4,4,3,4,3,5,4,3,4,3,3,3,5,5,5,2,4,3,5,"My manager runs tight pipeline reviews with real coaching, not just inspection.",Standardize SDR-to-AE handoff notes with required fields in Salesforce.,
DT-2026Q2-0445,DemoTech,DT-10445,Enterprise AE,Individual Contributor,Enterprise,"San Francisco, CA (HQ)",0–6 months,6,2025-04-11,3,3,2,3,4,4,2,3,3,4,2,5,4,5,3,3,4,4,2,4,5,3,3,3,4,4,4,3,2,2,2,2,3,4,4,2,5,3,2,5,3,2,3,3,Deal desk gives different pricing guidance depending on who is on shift.,"Tighten MQL criteria — fewer leads, higher quality.",
DT-2026Q2-0446,DemoTech,DT-10446,Sales Engineer,Individual Contributor,Enterprise,"London, UK",0–6 months,4,2025-05-26,4,4,3,4,3,5,4,5,5,2,3,2,4,3,2,1,1,3,1,2,2,1,2,2,2,2,4,2,4,2,2,3,4,3,2,3,1,4,4,3,4,5,2,4,We need ROI calculators for mid-market CFOs — I build them in Google Sheets weekly.,Cap legal review SLA at 5 business days for deals under $150K ARR.,My patch is geographically huge for an Enterprise rep — travel eats selling time.
DT-2026Q2-0447,DemoTech,DT-10447,GTM Marketing Manager,Individual Contributor,Corporate / GTM,"Toronto, Canada",5+ years,63,2025-05-01,4,2,4,4,4,4,5,5,3,4,5,4,3,5,4,2,2,3,2,4,3,4,4,4,3,2,3,1,4,3,4,4,2,5,4,4,5,5,5,4,4,4,3,4,Marketing promises 'demo transformation in 30 days' and buyers expect magic on call one.,Publish a single source of truth for stage definitions and enforce it in Gong.,
DT-2026Q2-0448,DemoTech,DT-10448,Enterprise AE,Individual Contributor,Enterprise,"Denver, CO",5+ years,109,2025-05-20,5,3,4,5,4,4,5,5,3,4,4,3,4,4,4,4,4,3,4,5,4,4,3,4,4,5,3,3,3,3,3,1,4,2,3,3,4,4,3,2,3,5,4,3,Product roadmap slides don't match what I hear in discovery calls.,"Tighten MQL criteria — fewer leads, higher quality.",SE coverage is thin — I wait three days for a technical win on competitive deals.
DT-2026Q2-0449,DemoTech,DT-10449,Enterprise AE,Individual Contributor,Enterprise,"New York, NY",1–2 years,16,2025-04-15,4,4,5,2,3,3,4,5,4,2,4,4,4,3,3,4,2,3,3,3,4,4,4,3,4,5,4,3,4,1,1,2,3,4,4,4,3,2,4,3,4,4,3,3,Legal review on enterprise deals takes 2–3 weeks and champions go dark.,Publish a single source of truth for stage definitions and enforce it in Gong.,
DT-2026Q2-0450,DemoTech,DT-10450,Commercial AE,Individual Contributor,Commercial,"Denver, CO",5+ years,94,2025-04-10,2,4,4,4,4,4,4,4,4,4,3,3,4,3,4,4,3,4,3,4,3,3,3,5,4,3,4,4,4,3,3,4,3,3,4,2,3,2,3,3,3,4,4,4,Our demo platform is genuinely best-in-class — buyers feel it on the first call.,Give remote reps the same GTM briefings HQ gets in hallway conversations.,RevOps fixed forecasting dashboards this quarter and it saved me hours every week.
DT-2026Q2-0451,DemoTech,DT-10451,Sales Engineer,Individual Contributor,Enterprise,"Toronto, Canada",5+ years,119,2025-05-07,4,3,4,3,3,3,4,3,4,4,4,4,2,5,4,2,3,2,2,4,3,4,3,3,3,4,5,2,3,2,3,3,4,4,4,3,5,5,4,3,3,4,4,4,We need ROI calculators for mid-market CFOs — I build them in Google Sheets weekly.,Standardize SDR-to-AE handoff notes with required fields in Salesforce.,Deal desk gives different pricing guidance depending on who is on shift.
DT-2026Q2-0452,DemoTech,DT-10452,Mid-Market AE,Individual Contributor,Mid-Market,Remote — US East,2–5 years,28,2025-04-21,4,3,2,3,4,5,4,3,4,4,3,3,4,2,4,3,3,4,3,4,5,4,4,4,3,4,3,3,4,4,2,3,3,4,3,3,3,2,3,3,3,3,4,5,Stage definitions change every quarter and my manager interprets them differently than RevOps.,Give remote reps the same GTM briefings HQ gets in hallway conversations.,
DT-2026Q2-0453,DemoTech,DT-10453,Sales Manager,Front-line Manager,Enterprise,"San Francisco, CA (HQ)",1–2 years,21,2025-05-21,3,4,4,4,4,4,4,3,5,4,3,4,3,4,4,2,2,2,3,4,2,4,4,4,4,2,3,2,2,3,2,4,4,4,3,5,3,3,3,4,3,5,5,5,Product marketing launches features before sales knows how to position them.,Publish a single source of truth for stage definitions and enforce it in Gong.,
DT-2026Q2-0454,DemoTech,DT-10454,Commercial AE,Individual Contributor,Commercial,"Toronto, Canada",1–2 years,15,2025-05-25,5,2,3,4,4,4,4,4,2,3,3,4,4,4,4,4,5,3,3,4,4,4,3,4,3,4,4,4,3,3,2,4,3,3,3,3,3,4,2,2,4,4,4,3,The Commercial team culture is strong — people share what works on Slack.,"Tighten MQL criteria — fewer leads, higher quality.",RevOps fixed forecasting dashboards this quarter and it saved me hours every week.
DT-2026Q2-0455,DemoTech,DT-10455,Enterprise AE,Individual Contributor,Enterprise,Remote — US East,5+ years,74,2025-05-18,1,3,4,3,4,5,5,3,4,2,4,4,5,3,5,5,4,3,3,3,4,3,3,3,4,4,2,4,3,3,2,3,3,3,4,4,4,4,3,2,5,4,4,3,Forecasting feels like a political exercise instead of an honest pipeline review.,Build demo environment stability into our own dogfooding SLA.,Deal desk gives different pricing guidance depending on who is on shift.
DT-2026Q2-0456,DemoTech,DT-10456,Enterprise AE,Individual Contributor,Enterprise,Remote — US East,2–5 years,28,2025-05-06,4,3,3,4,3,4,4,5,3,4,2,3,5,3,4,3,3,5,4,2,3,5,4,4,4,3,2,3,3,2,3,5,3,4,3,4,2,4,5,4,4,3,3,3,Legal review on enterprise deals takes 2–3 weeks and champions go dark.,"Tighten MQL criteria — fewer leads, higher quality.",Multi-year deal splits are unclear when CS owns the expansion motion.
DT-2026Q2-0457,DemoTech,DT-10457,Strategic AE,Individual Contributor,Strategic,"New York, NY",2–5 years,25,2025-05-03,3,4,4,5,4,5,5,3,4,4,4,3,3,3,4,4,4,3,3,3,3,4,3,4,3,4,4,5,5,2,3,5,2,3,4,4,4,5,3,4,5,4,4,4,Territory carve-up left me with a lot of long-dormant accounts and no warm inbound.,Build demo environment stability into our own dogfooding SLA.,
DT-2026Q2-0458,DemoTech,DT-10458,BDR,Individual Contributor,Mid-Market,Remote — EMEA,5+ years,65,2025-05-27,3,3,4,5,5,1,4,3,5,4,2,4,3,4,4,2,2,3,4,3,3,2,4,4,3,4,3,2,3,3,2,3,3,5,3,3,2,2,5,4,2,3,3,3,SE coverage is thin — I wait three days for a technical win on competitive deals.,Run monthly live objection labs instead of async enablement modules.,
DT-2026Q2-0459,DemoTech,DT-10459,Sales Manager,Front-line Manager,Commercial,Remote — US West,1–2 years,14,2025-04-07,4,5,4,4,5,4,5,5,3,1,3,3,4,4,4,4,3,4,2,3,3,2,4,4,4,5,3,3,5,3,4,4,3,4,3,2,4,3,4,3,3,3,4,3,Partner referrals arrive with no context and unrealistic close timelines.,Give remote reps the same GTM briefings HQ gets in hallway conversations.,Territory carve-up left me with a lot of long-dormant accounts and no warm inbound.
DT-2026Q2-0460,DemoTech,DT-10460,SDR,Individual Contributor,Commercial,Remote — EMEA,1–2 years,14,2025-05-14,4,3,4,3,3,4,3,3,4,4,4,3,3,3,3,3,3,3,3,3,4,2,3,3,3,3,3,4,3,2,3,4,4,4,3,3,2,1,2,3,3,4,3,3,Marketing promises 'demo transformation in 30 days' and buyers expect magic on call one.,Simplify the comp plan to one page with worked examples.,
DT-2026Q2-0461,DemoTech,DT-10461,BDR,Individual Contributor,Mid-Market,"San Francisco, CA (HQ)",5+ years,111,2025-04-26,4,3,3,2,3,5,4,3,4,5,4,4,2,3,4,3,3,3,4,3,2,4,3,3,4,3,4,4,3,3,5,3,3,3,3,4,4,4,4,3,4,3,5,3,Forecasting feels like a political exercise instead of an honest pipeline review.,Build demo environment stability into our own dogfooding SLA.,My patch is geographically huge for an Enterprise rep — travel eats selling time.
DT-2026Q2-0462,DemoTech,DT-10462,Regional Sales Director,Director+,Enterprise,"Denver, CO",2–5 years,52,2025-05-11,4,5,4,3,3,5,5,5,4,4,3,3,3,5,4,3,3,4,3,2,3,3,3,4,3,4,3,3,4,4,3,4,5,2,3,4,4,5,4,4,4,3,3,5,My patch is geographically huge for an Enterprise rep — travel eats selling time.,Staff one more SE per Enterprise pod for competitive bake-offs.,Product marketing launches features before sales knows how to position them.
DT-2026Q2-0463,DemoTech,DT-10463,Regional Sales Director,Director+,Strategic,Remote — US West,2–5 years,25,2025-05-03,3,3,5,3,3,5,4,5,4,3,3,1,2,5,5,3,2,5,4,3,3,3,3,4,4,3,5,3,3,3,3,2,5,3,3,4,3,2,5,3,5,5,4,3,Inbound volume dropped after we changed the website — outbound isn't picking up the slack.,Simplify the comp plan to one page with worked examples.,Security questionnaire responses are copy-paste from last year and buyers catch it.
DT-2026Q2-0464,DemoTech,DT-10464,Mid-Market AE,Individual Contributor,Mid-Market,"Austin, TX",2–5 years,44,2025-04-21,3,5,3,4,4,5,5,3,4,4,3,4,4,3,4,2,4,4,3,4,5,3,4,5,3,3,3,5,4,3,3,4,2,4,3,4,4,4,3,4,4,4,3,3,Product marketing launches features before sales knows how to position them.,Refresh ROI and CFO content for mid-market — stop making AEs rebuild decks.,Product roadmap slides don't match what I hear in discovery calls.
DT-2026Q2-0465,DemoTech,DT-10465,Enterprise AE,Individual Contributor,Enterprise,"Austin, TX",6–12 months,9,2025-05-22,3,4,5,2,3,4,5,4,4,5,3,4,3,2,2,4,2,3,4,4,5,2,2,3,4,5,4,2,2,3,3,4,3,3,2,3,3,4,3,5,5,4,3,4,Security questionnaire responses are copy-paste from last year and buyers catch it.,Cap legal review SLA at 5 business days for deals under $150K ARR.,Competitive battlecards are three months stale the moment a competitor ships something.
DT-2026Q2-0466,DemoTech,DT-10466,SDR,Individual Contributor,Commercial,Remote — US East,1–2 years,18,2025-04-10,3,3,3,4,3,2,4,3,3,3,5,4,3,3,4,3,2,4,4,4,3,2,1,3,3,5,3,3,3,3,2,1,3,3,3,2,4,2,4,4,4,3,4,4,Partner referrals arrive with no context and unrealistic close timelines.,Build demo environment stability into our own dogfooding SLA.,
DT-2026Q2-0467,DemoTech,DT-10467,Enterprise AE,Individual Contributor,Enterprise,Remote — US West,0–6 months,5,2025-05-27,3,3,2,3,3,4,5,3,3,4,3,4,1,4,2,3,2,3,4,3,3,2,2,2,4,2,4,3,2,1,2,4,2,2,2,3,3,4,3,4,3,3,3,4,Legal review on enterprise deals takes 2–3 weeks and champions go dark.,Run monthly live objection labs instead of async enablement modules.,My patch is geographically huge for an Enterprise rep — travel eats selling time.
DT-2026Q2-0468,DemoTech,DT-10468,Enterprise AE,Individual Contributor,Enterprise,Remote — Canada,2–5 years,36,2025-04-03,3,4,4,4,3,4,3,4,4,5,4,3,3,2,4,4,4,2,4,3,3,4,5,3,3,2,4,4,2,1,4,3,3,2,4,3,5,3,3,4,4,4,3,4,SE coverage is thin — I wait three days for a technical win on competitive deals.,Run monthly live objection labs instead of async enablement modules.,Multi-year deal splits are unclear when CS owns the expansion motion.
DT-2026Q2-0469,DemoTech,DT-10469,Commercial AE,Individual Contributor,Commercial,Remote — US West,2–5 years,59,2025-04-12,4,5,2,3,3,3,3,4,3,5,2,2,2,3,2,1,5,2,2,3,3,4,5,2,3,4,3,3,3,5,2,3,3,2,2,3,4,4,4,5,4,3,4,4,Competitive battlecards are three months stale the moment a competitor ships something.,Cap legal review SLA at 5 business days for deals under $150K ARR.,
DT-2026Q2-0470,DemoTech,DT-10470,SDR,Individual Contributor,Commercial,Remote — Canada,5+ years,97,2025-05-24,5,1,4,2,3,3,5,4,3,4,4,4,3,3,3,4,3,2,4,1,3,3,4,4,4,4,5,4,4,2,4,3,3,3,3,3,2,4,2,4,3,5,3,5,Inbound volume dropped after we changed the website — outbound isn't picking up the slack.,Build demo environment stability into our own dogfooding SLA.,Inbound volume dropped after we changed the website — outbound isn't picking up the slack.
DT-2026Q2-0471,DemoTech,DT-10471,Mid-Market AE,Individual Contributor,Mid-Market,Remote — Canada,5+ years,99,2025-05-11,4,4,3,2,5,3,5,4,5,3,4,3,3,3,5,2,4,2,3,3,3,5,4,4,3,4,4,4,2,2,4,3,3,3,2,2,4,3,4,4,2,3,4,4,"MQLs from the last campaign were mostly students and consultants, not buyers.",Publish a single source of truth for stage definitions and enforce it in Gong.,
DT-2026Q2-0472,DemoTech,DT-10472,Enterprise AE,Individual Contributor,Enterprise,"Toronto, Canada",1–2 years,15,2025-05-02,4,3,5,4,3,2,4,5,4,4,4,3,4,3,3,4,4,4,4,4,2,3,3,3,4,5,4,3,2,3,4,4,4,3,3,4,3,5,2,4,3,3,3,5,Our demo platform is genuinely best-in-class — buyers feel it on the first call.,Simplify the comp plan to one page with worked examples.,
DT-2026Q2-0473,DemoTech,DT-10473,Enterprise AE,Individual Contributor,Enterprise,"Toronto, Canada",1–2 years,24,2025-05-07,5,4,3,5,3,4,3,4,3,4,3,3,1,5,5,3,3,4,3,3,2,2,4,5,5,2,4,1,3,3,2,5,3,5,4,3,4,4,3,4,5,5,3,5,Deal desk gives different pricing guidance depending on who is on shift.,Refresh ROI and CFO content for mid-market — stop making AEs rebuild decks.,Partner referrals arrive with no context and unrealistic close timelines.
DT-2026Q2-0474,DemoTech,DT-10474,Commercial AE,Individual Contributor,Commercial,Remote — Canada,2–5 years,32,2025-05-15,4,2,4,3,2,4,3,3,5,4,3,4,2,3,4,4,2,3,3,4,2,3,2,3,4,3,3,3,4,2,2,2,3,2,4,5,3,2,4,3,4,5,4,4,Partner referrals arrive with no context and unrealistic close timelines.,"Tighten MQL criteria — fewer leads, higher quality.",Deal desk gives different pricing guidance depending on who is on shift.
DT-2026Q2-0475,DemoTech,DT-10475,Enterprise AE,Individual Contributor,Enterprise,Remote — US West,1–2 years,19,2025-05-17,5,4,3,5,4,5,4,3,4,3,4,4,3,3,2,3,2,2,3,3,2,3,3,5,4,3,3,1,2,3,1,1,4,4,3,2,3,2,3,3,3,5,2,4,The Commercial team culture is strong — people share what works on Slack.,"Tighten MQL criteria — fewer leads, higher quality.",Our demo platform is genuinely best-in-class — buyers feel it on the first call.
DT-2026Q2-0476,DemoTech,DT-10476,Enterprise AE,Individual Contributor,Enterprise,Remote — US East,2–5 years,52,2025-04-24,5,4,3,3,3,2,5,4,4,2,5,4,2,3,4,5,4,4,3,2,4,5,3,3,3,4,3,2,1,3,4,3,5,2,3,5,4,4,5,4,3,5,3,3,Security questionnaire responses are copy-paste from last year and buyers catch it.,"Tighten MQL criteria — fewer leads, higher quality.",
DT-2026Q2-0477,DemoTech,DT-10477,Mid-Market AE,Individual Contributor,Mid-Market,"Toronto, Canada",1–2 years,17,2025-05-01,3,5,4,3,4,3,4,5,5,4,4,4,3,3,3,4,4,2,4,4,4,4,4,4,4,2,4,4,3,3,5,4,3,4,5,3,4,3,4,4,3,4,4,4,Enablement content is built for Commercial but I'm Enterprise — I adapt everything.,Publish a single source of truth for stage definitions and enforce it in Gong.,"MQLs from the last campaign were mostly students and consultants, not buyers."
DT-2026Q2-0478,DemoTech,DT-10478,Solutions Consultant,Individual Contributor,Mid-Market,"Toronto, Canada",1–2 years,23,2025-05-10,4,4,2,3,5,4,4,5,5,3,5,3,4,4,3,4,3,3,4,4,4,3,3,3,4,5,2,3,3,5,3,4,3,4,3,5,3,4,4,4,4,4,4,3,"MQLs from the last campaign were mostly students and consultants, not buyers.","Tighten MQL criteria — fewer leads, higher quality.",My patch is geographically huge for an Enterprise rep — travel eats selling time.
DT-2026Q2-0479,DemoTech,DT-10479,SDR,Individual Contributor,Commercial,Remote — US West,5+ years,72,2025-04-24,5,3,4,2,4,4,5,4,4,3,3,4,4,4,4,3,3,4,2,3,2,5,3,4,4,3,3,3,2,4,4,3,3,4,3,5,3,3,3,4,3,3,3,3,"MQLs from the last campaign were mostly students and consultants, not buyers.",Simplify the comp plan to one page with worked examples.,We need ROI calculators for mid-market CFOs — I build them in Google Sheets weekly.
DT-2026Q2-0480,DemoTech,DT-10480,Commercial AE,Individual Contributor,Commercial,"San Francisco, CA (HQ)",5+ years,104,2025-05-16,4,3,2,4,4,5,5,4,5,3,4,5,4,3,4,5,2,1,3,4,4,4,3,4,5,4,5,4,2,3,3,2,3,1,4,4,3,4,5,4,3,4,4,3,Our demo platform is genuinely best-in-class — buyers feel it on the first call.,Refresh ROI and CFO content for mid-market — stop making AEs rebuild decks.,RevOps fixed forecasting dashboards this quarter and it saved me hours every week.
DT-2026Q2-0481,DemoTech,DT-10481,SDR,Individual Contributor,Commercial,"New York, NY",1–2 years,22,2025-04-22,4,2,3,4,3,5,4,3,3,4,2,2,3,5,2,4,4,4,2,2,2,2,4,3,3,4,5,3,3,3,4,3,3,2,4,4,4,4,4,5,4,4,4,4,Territory carve-up left me with a lot of long-dormant accounts and no warm inbound.,Staff one more SE per Enterprise pod for competitive bake-offs.,Onboarding was strong on product but weak on enterprise procurement cycles.
DT-2026Q2-0482,DemoTech,DT-10482,Enterprise AE,Individual Contributor,Enterprise,"London, UK",6–12 months,12,2025-05-20,4,4,3,3,2,4,3,3,4,4,3,2,5,4,4,2,3,3,2,4,4,2,3,4,4,3,4,3,3,2,3,3,4,3,3,3,4,3,5,2,3,4,3,3,"My manager runs tight pipeline reviews with real coaching, not just inspection.",Refresh ROI and CFO content for mid-market — stop making AEs rebuild decks.,
DT-2026Q2-0483,DemoTech,DT-10483,BDR,Individual Contributor,Mid-Market,"London, UK",2–5 years,35,2025-05-28,4,4,5,3,4,3,5,4,3,5,3,5,4,3,4,5,3,4,4,4,4,3,4,4,5,5,2,3,4,3,4,5,4,5,3,3,4,5,4,4,3,4,5,4,Legal review on enterprise deals takes 2–3 weeks and champions go dark.,Simplify the comp plan to one page with worked examples.,
DT-2026Q2-0484,DemoTech,DT-10484,Commercial AE,Individual Contributor,Commercial,Remote — US East,5+ years,77,2025-05-22,4,4,5,4,3,4,4,4,4,4,4,4,3,4,2,3,2,3,3,3,1,2,3,3,4,4,4,2,3,2,2,3,3,3,1,5,3,3,2,3,3,4,3,5,Inbound volume dropped after we changed the website — outbound isn't picking up the slack.,Standardize SDR-to-AE handoff notes with required fields in Salesforce.,SE coverage is thin — I wait three days for a technical win on competitive deals.
DT-2026Q2-0485,DemoTech,DT-10485,Mid-Market AE,Individual Contributor,Mid-Market,"London, UK",2–5 years,50,2025-05-20,3,4,3,4,5,4,4,3,4,3,5,3,2,3,3,2,3,3,4,5,5,4,2,3,4,4,5,2,4,4,2,3,4,4,4,4,3,4,3,3,3,5,5,2,Marketing promises 'demo transformation in 30 days' and buyers expect magic on call one.,Publish a single source of truth for stage definitions and enforce it in Gong.,Security questionnaire responses are copy-paste from last year and buyers catch it.
DT-2026Q2-0486,DemoTech,DT-10486,Enterprise AE,Individual Contributor,Enterprise,"San Francisco, CA (HQ)",2–5 years,57,2025-05-12,4,3,5,5,3,4,5,4,4,2,4,5,4,4,3,4,4,2,3,4,4,5,4,3,5,5,4,2,4,2,3,5,4,5,2,5,3,3,2,3,3,5,3,4,Legal review on enterprise deals takes 2–3 weeks and champions go dark.,Give remote reps the same GTM briefings HQ gets in hallway conversations.,
DT-2026Q2-0487,DemoTech,DT-10487,BDR,Individual Contributor,Mid-Market,"Toronto, Canada",1–2 years,20,2025-04-19,4,4,5,3,4,4,3,5,4,5,3,3,4,4,3,5,2,4,2,4,3,3,3,4,3,5,5,2,3,2,2,2,4,3,3,4,4,4,3,3,4,3,3,5,Deal desk gives different pricing guidance depending on who is on shift.,Run monthly live objection labs instead of async enablement modules.,Product roadmap slides don't match what I hear in discovery calls.
DT-2026Q2-0488,DemoTech,DT-10488,Commercial AE,Individual Contributor,Commercial,"London, UK",5+ years,115,2025-04-19,3,5,2,4,4,3,5,4,5,3,4,4,2,3,4,3,2,2,4,3,4,4,1,4,3,4,3,3,3,2,2,4,4,3,3,4,3,4,5,3,4,3,3,3,Deal desk gives different pricing guidance depending on who is on shift.,"Tighten MQL criteria — fewer leads, higher quality.",Product marketing launches features before sales knows how to position them.
DT-2026Q2-0489,DemoTech,DT-10489,Commercial AE,Individual Contributor,Commercial,Remote — Canada,2–5 years,36,2025-05-03,4,4,3,4,5,4,3,4,3,4,2,4,4,4,4,3,3,4,4,5,3,2,3,3,5,3,4,3,2,3,4,5,2,5,3,3,4,4,3,2,4,4,2,2,Security questionnaire responses are copy-paste from last year and buyers catch it.,Standardize SDR-to-AE handoff notes with required fields in Salesforce.,
DT-2026Q2-0490,DemoTech,DT-10490,Regional Sales Director,Director+,Enterprise,Remote — US West,2–5 years,41,2025-04-22,4,3,3,4,3,5,3,5,3,4,3,3,3,3,4,1,3,4,3,3,2,3,3,4,5,3,4,2,3,3,2,4,4,5,2,5,1,5,4,3,4,3,5,2,Security questionnaire responses are copy-paste from last year and buyers catch it.,Simplify the comp plan to one page with worked examples.,"MQLs from the last campaign were mostly students and consultants, not buyers."
DT-2026Q2-0491,DemoTech,DT-10491,SDR,Individual Contributor,Commercial,Remote — Canada,5+ years,71,2025-04-08,5,2,5,4,2,3,4,5,3,4,2,3,4,4,2,2,4,5,1,3,3,2,3,4,3,4,3,3,4,2,3,4,4,3,4,4,4,3,3,5,4,5,3,4,Inbound volume dropped after we changed the website — outbound isn't picking up the slack.,Publish a single source of truth for stage definitions and enforce it in Gong.,
DT-2026Q2-0492,DemoTech,DT-10492,Enterprise AE,Individual Contributor,Enterprise,"San Francisco, CA (HQ)",0–6 months,4,2025-05-10,3,4,2,4,2,3,4,3,4,3,4,4,3,3,4,3,2,2,3,4,5,4,2,4,4,3,3,1,3,2,2,3,4,3,3,4,2,4,4,3,4,4,2,4,Security questionnaire responses are copy-paste from last year and buyers catch it.,Give remote reps the same GTM briefings HQ gets in hallway conversations.,We need ROI calculators for mid-market CFOs — I build them in Google Sheets weekly.
DT-2026Q2-0493,DemoTech,DT-10493,Mid-Market AE,Individual Contributor,Mid-Market,"New York, NY",2–5 years,54,2025-04-04,3,5,3,3,5,4,4,4,4,4,4,4,3,3,4,3,3,4,2,3,4,3,4,3,3,3,4,3,1,3,5,3,4,3,4,2,4,3,2,2,5,4,4,3,Marketing promises 'demo transformation in 30 days' and buyers expect magic on call one.,Cap legal review SLA at 5 business days for deals under $150K ARR.,
DT-2026Q2-0494,DemoTech,DT-10494,Commercial AE,Individual Contributor,Commercial,Remote — US East,5+ years,98,2025-05-06,3,4,5,4,3,4,4,5,5,4,2,4,3,2,3,2,4,4,3,4,4,5,4,3,3,4,2,2,3,3,4,3,4,3,2,3,4,4,4,3,4,3,3,4,"I want more live role-play on CFO objections, not another recorded webinar.",Give remote reps the same GTM briefings HQ gets in hallway conversations.,Comp plan deck was 40 slides; I still don't know how renewals affect my number.
DT-2026Q2-0495,DemoTech,DT-10495,Sales Enablement Manager,Individual Contributor,Corporate / GTM,"San Francisco, CA (HQ)",2–5 years,43,2025-04-20,5,5,3,4,5,5,4,5,5,4,4,4,4,4,3,4,5,4,3,3,5,2,5,3,4,5,4,3,2,4,2,5,4,5,3,5,4,2,3,3,5,5,5,5,Deal desk gives different pricing guidance depending on who is on shift.,Give remote reps the same GTM briefings HQ gets in hallway conversations.,
DT-2026Q2-0496,DemoTech,DT-10496,BDR,Individual Contributor,Mid-Market,Remote — Canada,2–5 years,40,2025-05-20,3,4,3,2,4,3,3,5,4,4,2,4,3,2,4,2,4,3,4,4,2,2,2,3,4,3,4,2,3,4,1,4,3,3,3,3,4,3,4,4,3,4,4,3,Partner referrals arrive with no context and unrealistic close timelines.,Cap legal review SLA at 5 business days for deals under $150K ARR.,
DT-2026Q2-0497,DemoTech,DT-10497,Commercial AE,Individual Contributor,Commercial,"Denver, CO",1–2 years,16,2025-05-19,4,4,4,5,3,4,5,4,3,4,4,4,4,5,2,3,3,5,3,4,2,2,4,4,4,4,4,3,3,1,4,4,3,5,3,4,4,4,4,3,5,5,3,5,Legal review on enterprise deals takes 2–3 weeks and champions go dark.,Run monthly live objection labs instead of async enablement modules.,
DT-2026Q2-0498,DemoTech,DT-10498,Commercial AE,Individual Contributor,Commercial,Remote — US East,0–6 months,5,2025-05-21,3,3,4,5,4,2,5,3,4,4,4,4,3,3,3,4,4,3,2,3,4,2,3,1,4,3,3,1,2,5,5,2,2,2,4,4,4,2,3,3,4,3,3,5,We say we're PLG-plus-sales but the field motion still feels like pure enterprise.,Cap legal review SLA at 5 business days for deals under $150K ARR.,SPIFF rules changed mid-quarter and nobody could explain the clawback logic.
DT-2026Q2-0499,DemoTech,DT-10499,Regional Sales Director,Director+,Strategic,"New York, NY",2–5 years,33,2025-04-22,3,3,2,5,3,4,5,4,2,5,3,4,5,4,3,3,3,4,3,3,4,4,4,5,5,4,5,4,3,3,5,3,3,4,4,4,5,5,3,4,3,4,3,5,Stage definitions change every quarter and my manager interprets them differently than RevOps.,"Tighten MQL criteria — fewer leads, higher quality.",
DT-2026Q2-0500,DemoTech,DT-10500,Enterprise AE,Individual Contributor,Enterprise,"New York, NY",1–2 years,21,2025-05-23,3,3,2,3,5,3,5,4,5,4,3,4,2,3,3,4,4,3,4,4,4,2,4,4,3,2,3,3,2,3,3,4,4,5,4,2,4,5,2,2,3,4,3,3,The Commercial team culture is strong — people share what works on Slack.,Run monthly live objection labs instead of async enablement modules.,
